评论ID,评论内容,评论图片,点赞数,评论时间,用户昵称,用户主页链接,用户抖音号,用户签名,回复的评论ID,具体的回复对象,回复给谁
7256370593455473469,600w了,,40582,2023-07-16 19:04:03,用户8099699019237,https://www.douyin.com/user/MS4wLjABAAAAUo9cp-0EV-npEzRJaTSyTG9-ti-pwYNGLKMtBXjmQjd98vEDD8FJt0CyR_DS7AVe,20645910624,,7254263026702091040,7254263026702091040,
7256370863196013375,感谢支持,,24612,2023-07-16 19:05:08,山白,https://www.douyin.com/user/MS4wLjABAAAA3PP9a3_6etLPCsan0Nx6hqZGLl512dQCeUE4v_GZJsdrYIvOVZcd0pIsQIkvDP9O,shanbai2023,,7254263026702091040,7256370593455473469,用户8099699019237
7256371048344830757,工匠精神👍,,6666,2023-07-16 19:05:50,全智甜,https://www.douyin.com/user/MS4wLjABAAAA-7TT4AIK139FG1cmVDtTkihJ-V0oPeJB5P2Z6r31_No,,,7254263026702091040,7256370863196013375,山白
7256376022986326839,喜欢[大笑][大笑][大笑],,73,2023-07-16 19:25:09,陳 平 安,https://www.douyin.com/user/MS4wLjABAAAAWZPaBPo9JDaYxZUQEeJxNcHOHrZzmuoE6Jiuk_U1R3-yRgpvbTnKJGfIbRfG6pQS,37640901053,,7254263026702091040,7256370863196013375,山白
7256380656442786615,将这种手艺发扬光大真的太酷了[大笑],,133,2023-07-16 19:43:09,夜的第七章.,https://www.douyin.com/user/MS4wLjABAAAAKO50xFagdNWby-EB4gR-sCAMaJFRNjvOeNRgjTLykuw,1374890344st,,7254263026702091040,7256370863196013375,山白
7258106823566787365,713.3万点赞了[赞][赞][赞],,128,2023-07-21 11:21:34,客家小辉,https://www.douyin.com/user/MS4wLjABAAAAfsHhZzFVQyl0qKcr7OwnlUP3wZ1lSFXOzwW3UzGIyIXGO3UtcrXXbhI9YJAIj0mE,A352220659,,7254263026702091040,7256370593455473469,用户8099699019237
7260869467973124918,我要生籽籽，痒的莫法，还要肿[捂脸][捂脸],,40,2023-07-28 22:02:00,请叫我女王陛下！,https://www.douyin.com/user/MS4wLjABAAAARX8k35ReVex3doaTfX5BqsjT6_sCrVz_udVYXOJBLhE,Zhou7.25_,,7254263026702091040,7256370863196013375,山白
7313079190185034547,快节奏的生活需要你[蜜蜂狗][玫瑰],,11,2023-12-16 14:42:19,@张怀民,https://www.douyin.com/user/MS4wLjABAAAA0DC-2Og2hd1KxI7Tm0w3g2-h5BxOhN9O8YUCgFMSttU,,,7254263026702091040,7256370863196013375,山白
7254479862546039608,102.8万了,,27724,2023-07-11 16:47:05,左耳,https://www.douyin.com/user/MS4wLjABAAAAWL16UCv8nTKqS_eemV1PRUPkTtDaHujN6C3_9sOF_qriluEAk3osgAbL0eUBx9-N,qaqUsagi,,7254263026702091040,7254263026702091040,
7254584645042897675,206了[奸笑],,23,2023-07-11 23:33:43,荷芯,https://www.douyin.com/user/MS4wLjABAAAACk6d796WnSIrDm804epbznPS8j8b01Pm7jaw7kUUPq0,yigewuyouwul75,,7254263026702091040,7254479862546039608,左耳
7254932520482177848,3o8w了[送心],,17,2023-07-12 22:03:34,用户9524073792769,https://www.douyin.com/user/MS4wLjABAAAAI4DaDA_nCLqFgtvA7QKoRwG-QGfceyR5BWdJX7yMtBI,35031784695,,7254263026702091040,7254479862546039608,左耳
7393764256136954635,1086.6W了。,,65,2024-07-21 01:01:39,造型师  💰钱小姐（2025努力版）,https://www.douyin.com/user/MS4wLjABAAAAkO2oBnqN4UY2qMjfPcnlhtr3pKVRTjF7P15bfBO4Xnt6tPLj8l6RVAIye8aO4eez,Dou20210112,,7254263026702091040,7254263026702091040,
7376626068083704576,我也不知道多久之前收藏的，翻收藏翻到了，一千多万了[眼含热泪],,44,2024-06-04 20:36:38,聆鹤语,https://www.douyin.com/user/MS4wLjABAAAA_k2QWBoG1jJs652TYnhdjKraWFgzyqvxhhhd-Set23OYD1A1W6TWOCAkUvav3E87,a330224hyhy,,7254263026702091040,7254263026702091040,
7373256160226722597,这个视频千万了，去年到现在还在推。,,31,2024-05-26 18:39:41,🎵Mix,https://www.douyin.com/user/MS4wLjABAAAA_9Zzh3DOo9lXUApLCPgRS6R44k7wFxTZiR5fwFRg23g,,,7254263026702091040,7254263026702091040,
7351644138636395283,这视频居然有一年了，现在1千多万了,,44,2024-03-29 12:54:01,虫虫特工队,https://www.douyin.com/user/MS4wLjABAAAA5QRJeXXBnvYE5grgxwC_HCJlAwg99NiXkFIRp0vu678,,,7254263026702091040,7254263026702091040,
7350937779666715419,1065万了,,65,2024-03-27 15:13:00,陈州 （陈州传媒授权）,https://www.douyin.com/user/MS4wLjABAAAAmltYkvbVPWl7YQ4BK9SCNnMgCNaOjrzK59c18VlXE1Y,79053143116,,7254263026702091040,7254263026702091040,
7333209906093310760,你的评论都46万，你看的太早了兄弟,,4,2024-02-08 20:39:46,张北海,https://www.douyin.com/user/MS4wLjABAAAAugAI_N1_GGj_eexlx_RfYWGYbLwH0gZv2Nu2IrwzbM8,,,7254263026702091040,7254263026702091040,
7314288699977532170,1032.7万点赞量，是我见到的所有平台最高的点赞量,,147,2023-12-19 20:55:50,梦辞,https://www.douyin.com/user/MS4wLjABAAAAPJlTGosCiQri2q4yvbTCnJTr35Eo6vv1Vs4Rfrk5aU5JeC75K3vrYY9BWBGKXM9h,96732986911,,7254263026702091040,7254263026702091040,
7333025372860744488,你去看看济公的段子，点赞率有多高,,2,2024-02-08 08:43:44,俩伟,https://www.douyin.com/user/MS4wLjABAAAAVULQDcQQHXwVS1PUQeHZaIZubnZYC66dI5FD-j8zqyY,L176127152,,7254263026702091040,7314288699977532170,梦辞
7330502356956005155,一千多万了感觉都不值，还应该更多[流泪],,26,2024-02-01 13:33:07,@我,https://www.douyin.com/user/MS4wLjABAAAA8fKz-oPP313YNrAc4JSDyRClWceZ6mqEF-CYHIdA6yThPum01m6fFrl459JViiMy,89967627341,,7254263026702091040,7254263026702091040,
7313185588349649698,不好意思云南网速慢，今天才刷到,,10,2023-12-16 21:35:11,乐悠劉ʕ ᵔᴥᵔ ʔ,https://www.douyin.com/user/MS4wLjABAAAA7r0fTILztaXRRMaVkR2WH-1Wl0FaQo3Zik5iOH-I468,,,7254263026702091040,7254263026702091040,
7313147458259206931,一千多万了[看] 第一次刷到他   这条视频可以变现多少呀[看],,18,2023-12-16 19:07:14,如月,https://www.douyin.com/user/MS4wLjABAAAAPq9Psfw2sFAMznO0w9WRcMx9ECOHeutL7Foz8s3fe1c,bd283849581916,,7254263026702091040,7254263026702091040,
7310496932744545074,我来的太晚了，现在一千万赞了,,3,2023-12-09 15:41:52,wwsab,https://www.douyin.com/user/MS4wLjABAAAAjxCFzWVCs6jfQuFauqxnn2g8QXrZbxxtiwEtcdFI3oWFa1kqItq9GdZfGqdsjvL-,74819293459,,7254263026702091040,7254263026702091040,
7306538244405117706,现在是1023.2W赞了，苦心人天不负！[赞][赞][赞],,26,2023-11-28 23:40:10,晴空一鹤,https://www.douyin.com/user/MS4wLjABAAAAmLcaJ_zPdP4mTt2vw8_c31eMXLI-YYMKAoBtdrTZvdw,qingkongyihe1926,,7254263026702091040,7254263026702091040,
7295396796795896616,"记录一下，今天是2023年10月29号现在有10,200,000赞了",,9,2023-10-29 23:05:37,泸溪芳芳精品女装,https://www.douyin.com/user/MS4wLjABAAAAL3seZdPp7GmOkozG4bxwD3kicstxn7OlOpPDMswsSXQ,994987177Fang,,7254263026702091040,7254263026702091040,
7285634012039054115,我现在才刷到[发怒]  但是已经1000多万点赞了[比心],,100,2023-10-03 15:41:16,双林⛰️,https://www.douyin.com/user/MS4wLjABAAAAT7yDE-RH5UwA1pNRXTNq0_jvTdKk6XiO_LLHD7dxWtey76ibKvxKVgGD_dty-xuf,71494051267,,7254263026702091040,7254263026702091040,
7285445298842157863,因为你一句话，1000万看过的人都回来补赞了。,,86,2023-10-03 03:30:06,野蛮人,https://www.douyin.com/user/MS4wLjABAAAAinqviKs-KnV6QKWsNiFGUeQAisFe_LFQAIass3oo1H5ZLheMk6b8J5V6BGG772v1,dysq1s9ekjk1,,7254263026702091040,7254263026702091040,
7285170300101886731,两个月后的今天，一千多万点赞[赞],,10,2023-10-02 09:41:47,ℒ往Ꭽℯ⃝后ℒ余Ꭽ生࿐：,https://www.douyin.com/user/MS4wLjABAAAA0s2eoL9wNpvk-Nt9A2MqOt9swZLJ3NffpxYGwA8D5q-vW9PkeanGpMrHUyloJ6ul,59950427710,,7254263026702091040,7254263026702091040,
7277205078817309494,9月10号，晚上22点32分点赞973.3，破千了告诉下,,28,2023-09-10 22:32:36,我想回家…..,https://www.douyin.com/user/MS4wLjABAAAAQLhu0Vq9wHUOh243MVsq3KWyp_z-yskBez3NhHlGZeW_Rfhaog5ggNW8Pc51-lxq,35926479365,,7254263026702091040,7254263026702091040,
7274622998886581029,我刷到这个视频已经962.5万赞赞了[捂脸],,11,2023-09-03 23:32:49,兰哥,https://www.douyin.com/user/MS4wLjABAAAA3S5l9hhsW9s-pB05xFjB3pBrUdKpj8QH2LS3WLKSjjg,,,7254263026702091040,7254263026702091040,
7274547891267011384,961.3w了,,7,2023-09-03 18:41:19,Gien阿四,https://www.douyin.com/user/MS4wLjABAAAA3ewPvwFxMP_di81uW2_Uqo3NTba0oBNunX20fUtbgVw,Mr41990,,7254263026702091040,7254263026702091040,
7270806688377307916,都去赞南翔不吃饭的视频去了[看],,5,2023-08-24 16:43:33,꧁༺天赐淡雅香༻꧂,https://www.douyin.com/user/MS4wLjABAAAAIOQZK4PrY_XsQKsX8l5yNvEfF9ohH7COlQk8L4aBSWA,,,7254263026702091040,7254263026702091040,
7270276120607458105,你现在再看看，已经有900多万赞了，这是我看到赞最多的作品[微笑],,10,2023-08-23 06:24:56,😁黄代芹,https://www.douyin.com/user/MS4wLjABAAAAzgjnB4ysyEkLsj2rWnPd4gd8LztJE7rmNqvOlvJ_AsjzzM9Fe00Yz-0nvjwwdZQ3,huangdaiqin2,,7254263026702091040,7254263026702091040,
7269627950479754003,现在时间2023.08.21日中午12:29分钟，有930.8万赞[大金牙],,11,2023-08-21 12:29:33,彭于晏没我帅,https://www.douyin.com/user/MS4wLjABAAAAA4_hgv0uhE34LaZzSkw-FC0-cW5hc4554EVlrzSqvto,,,7254263026702091040,7254263026702091040,
7268594828819251987,九百多万了[流泪][流泪],,15,2023-08-18 17:40:24,第八场雨,https://www.douyin.com/user/MS4wLjABAAAA-8pMhXnXTkMyFDJdH__n5MFmEtEVNJen1HXmr0lkFZM,Y0627YI,,7254263026702091040,7254263026702091040,
7267156789178024740,914w了,,22,2023-08-14 20:40:00,零碎残栀²,https://www.douyin.com/user/MS4wLjABAAAArMXJlau3tbb-Q-K4PIm7Cbl5RwHsZ0Fj3Qs31CqMWq0,138276liang.,,7254263026702091040,7254263026702091040,
7267040388099015487,你都不止2.3万，别急让子弹飞一会。现在900万了,,10,2023-08-14 13:08:22,🌈鬼年,https://www.douyin.com/user/MS4wLjABAAAAFup508vSbE5qGU4gOlJsHpF09vaAb5DJGq4HS0j2Wpc,,,7254263026702091040,7254263026702091040,
7264112008639054652,我刷到已经是800w的时候了哈哈哈哈,,14,2023-08-06 15:44:50,＄,https://www.douyin.com/user/MS4wLjABAAAACCBngm_aCmZSNtQMQA54MauVcJKTujEtqnR9GJibLx8,gj030311,,7254263026702091040,7254263026702091040,
7264061541435327290,快880W了，这样的制作墨真是不易啊[赞][赞][赞],,5,2023-08-06 12:28:57,💋敏若晨星,https://www.douyin.com/user/MS4wLjABAAAA02AxduMKSkxNgd_N4JqekIyyKeWJGSWg07jG5z0_ZJo,,,7254263026702091040,7254263026702091040,
7263457796723622690,快860W了[赞][赞],,5,2023-08-04 21:26:00,兮颜瑄宝贝儿,https://www.douyin.com/user/MS4wLjABAAAAsOjwT8YN95KE3IPbHNNZWMXoHhC98uhYlrf63683WAKVuNxkVXOzRo4REIhTPEAq,79327208062,,7254263026702091040,7254263026702091040,
7263368262938657572,你得评论点赞量也是天花板了[比心][比心],,2,2023-08-04 15:38:50,醉风梦雪,https://www.douyin.com/user/MS4wLjABAAAAAfsK8-ASXxwLz2mH6s1f2wIC5CFMduzWadfGdaHzs-lMge39AsX5O16OOxHkt47Y,47788710515,,7254263026702091040,7254263026702091040,
7261424332474155817,现在是814.7万个赞，48.9万个收藏[呲牙][赞],,11,2023-07-30 09:55:13,Cʜᴀɴɢᴇ1992💋ოᩚ͙王ꦿ先᭄生,https://www.douyin.com/user/MS4wLjABAAAA9mnOhdVz1ueyGkfVXTz9dXsJ_PxOWTaO4epzDlCMEY0,,,7254263026702091040,7254263026702091040,
7261175675251114763,800万了，这个赞就像制墨过程一样，需要时间的验证[泣不成声],,10,2023-07-29 17:50:20,末凡,https://www.douyin.com/user/MS4wLjABAAAAIVEezAOGAf8DSja5QTNdrFILqewG4Yhupa3Q_1pGjB4,,,7254263026702091040,7254263026702091040,
7258632811879826233,终于知道墨的制作过程了，不易[赞][赞][赞][赞][赞][赞][赞][赞][赞],,10,2023-07-22 21:22:41,勤思博悟,https://www.douyin.com/user/MS4wLjABAAAAXLwOw630uNV4qKOBsDLdsU3QIcmIpoZ3eGqHpGqBDgQ,49984880093,,7254263026702091040,7254263026702091040,
7258316051691258682,720w了[白眼],,1,2023-07-22 00:53:52,8+9🟰9+8,https://www.douyin.com/user/MS4wLjABAAAAT2eT2hvCT4I3dRfqVvPS3vYXD_xQ_hcfO_6ml__hyUJFoO6bMd4O3pdwSGBmzMME,74123726254,,7254263026702091040,7254263026702091040,
7256378978801140516,现在已经601.2w攒了，正义从来不会缺席，只会迟到[比心],,6,2023-07-16 19:36:39,杰〆,https://www.douyin.com/user/MS4wLjABAAAAqaPy97BVxaXJRBCe1DwD5tchlKnHsVuEOCjy9gHEMNo,xj13464022106,,7254263026702091040,7254263026702091040,
7256360542934909711,姐姐，光你这条评论都有24万赞,,2,2023-07-16 18:25:06,学不会,https://www.douyin.com/user/MS4wLjABAAAApsGnD8UORNgFGzl3yv1zujXMJCVYIF_6WeQBR1bubmTrJ252Qow0Lojjw2iSi3yH,70717323544,,7254263026702091040,7254263026702091040,
7256332860104835897,你的点赞都是24万多了，总点赞接近600万了[捂脸],,2,2023-07-16 16:37:41,泉,https://www.douyin.com/user/MS4wLjABAAAAfVZ_efJF4BGxhGel2zim4h48J5gAtMRQi5kIMAADCuo,,,7254263026702091040,7254263026702091040,
7256264960808059709,当你在回来的时候，已经几千万赞了,,4,2023-07-16 12:14:14,音子甜心,https://www.douyin.com/user/MS4wLjABAAAAqMFAlAA0OKBUAb12jiu0cBmPM4pFtyE8j_tj9paocspeODDslh4UM3Zx2fQXP2Fs,kuangpangpan,,7254263026702091040,7254263026702091040,
7256241218799338274,现在我看到的是你的点赞有23万[泪奔][泪奔][泪奔],,0,2023-07-16 10:42:10,瑞瑞是只猫,https://www.douyin.com/user/MS4wLjABAAAAxJ52X94fIBGGUfZYX594cV8FS-W03VoW91niZy4S8So,57714184523,,7254263026702091040,7254263026702091040,
7256239922973541132,你自己的赞都23万了，我看的时候这个视频已经500多万赞,,0,2023-07-16 10:37:09,吉吉妈,https://www.douyin.com/user/MS4wLjABAAAAxbWFwMDPLdYSJOuP2JX21tycBe9jQTE_AKR4hE37OSkqr-GlF2GCwxXysqjh5qdC,jiji77589,,7254263026702091040,7254263026702091040,
7256224137709716224,不是，你来太早，现在是571.9万个了[捂脸][捂脸][捂脸],,0,2023-07-16 09:35:52,ོ初心ꦿ࿆,https://www.douyin.com/user/MS4wLjABAAAARTjR5cSeN4k5MPIIRR0vf_5nJR0VL22AfafohyxNi2c,zjl123567,,7254263026702091040,7254263026702091040,
7256123058472338176,569.9w了,,0,2023-07-16 03:04:25,二胖（实体同城流量IP）,https://www.douyin.com/user/MS4wLjABAAAAtsaik-Wxe5OmDCla2diyaZZsWzwYp28mKNL8bxuFKEk,,,7254263026702091040,7254263026702091040,
7256107198219633465,现在是北京时间凌晨两点🕑已经555万个赞[666],,0,2023-07-16 02:02:35,樁子酒树,https://www.douyin.com/user/MS4wLjABAAAAQu9phpF4DjQKW1YchLP1pHCXFtQBtjpgc2r8ig8S5BU,dyo0p14pt58j,,7254263026702091040,7254263026702091040,
7256085045335851831,是不是你刷到的时候太早了，现在561万了,,0,2023-07-16 00:36:11,糊涂图,https://www.douyin.com/user/MS4wLjABAAAAY8lGEUbg12Swy0vpjbmhybZfoQu85z3riuBYGpy5kbFrloANq9rXXpyCOeMRtioR,CYXH9979,,7254263026702091040,7254263026702091040,
7256035487348622136,朋友，不是点赞少，是你点的早[大笑],,0,2023-07-15 21:23:42,wyny,https://www.douyin.com/user/MS4wLjABAAAAYXaMCM6Gvv7G2lnJkl6S2HduYgZ_NOIOBFndXvSKgW8,wynying,,7254263026702091040,7254263026702091040,
7256024260069032739,充钱上热门了，550万赞[抱抱你],,2,2023-07-15 20:40:07,热心难民,https://www.douyin.com/user/MS4wLjABAAAASLIyoXIyWprashAhL_XRwsk-dKXqDyIUoCgPWO3L5CA,,,7254263026702091040,7254263026702091040,
7256011531090232122,545万了，厉害吧，好作品大家都喜欢[呲牙],,0,2023-07-15 19:50:44,依晨亲亲,https://www.douyin.com/user/MS4wLjABAAAAfmcZhaxVPmDkhbNWsnsKxBlPGqXkwbKLXQJQyUaafGHj1bCgUJBczWVq9R_frioq,apple576709650,,7254263026702091040,7254263026702091040,
7255960112827908904,现在500多万赞了。播放量几十亿了,,0,2023-07-15 16:31:14,城固岳哥看房,https://www.douyin.com/user/MS4wLjABAAAAU0SwqpRTC055Q1uWzvQOHsyWXTMyIPNAngmn99Vzrj6Cq9dyZ1b-f4JLQL1ZFF3X,ypfc1234,,7254263026702091040,7254263026702091040,
7255932318500963133,你网太快了，来早了，现在523.2万了[色],,0,2023-07-15 14:43:23,Toám,https://www.douyin.com/user/MS4wLjABAAAAgONFFf3_7VlrSKABMkU7mwGFDLMJyKkvhoX1gCSZrUBuYxXNF8X6BNbNNP-UGXoj,25143302689,,7254263026702091040,7254263026702091040,
7255929885713089332,521.2万了[干饭人][干饭人],,0,2023-07-15 14:34:01,梅雨季_🖤,https://www.douyin.com/user/MS4wLjABAAAATer0jkw-zJZHfHOk9rdbFpulrJnkxdfZQQINvdTOeaA,xuyuc84575971,,7254263026702091040,7254263026702091040,
7255928764566569768,你来太早了，现在接近530万赞了,,0,2023-07-15 14:29:37,全素研,https://www.douyin.com/user/MS4wLjABAAAA0ED0NeB7trHfGxR0717CX-9DX4jT_7Y4NBLxdfRKyyk,quansuyan18,,7254263026702091040,7254263026702091040,
7255926366539989794,我家铁板下面每天都要掉很多黑炭[发呆]是不是也能做墨[发呆],,1,2023-07-15 14:20:15,🏂,https://www.douyin.com/user/MS4wLjABAAAARqgXuBsCCaktzi68qOPYGtzkfWbIY6QY3i3PgR87y2cgPXPRGReHRrPlcb-ihfOw,dsf2192,,7254263026702091040,7254263026702091040,
7255908314076332861,你那天11号，今天15号，才四天就已经五百多万了,,0,2023-07-15 13:10:17,何时亿,https://www.douyin.com/user/MS4wLjABAAAAdCzsFMyGe9fpICO2QgNlt58Y-_1-uUK3HjbT5rGskxVmyJf7hqKO5wCS6jZYer19,26857892304,,7254263026702091040,7254263026702091040,
7255870523216233227,这种高质量视频不负你的所望500W赞了[呲牙],,2,2023-07-15 10:43:35,IL IL IL,https://www.douyin.com/user/MS4wLjABAAAAEvPAD6bvkMPItNfCqLsLOtcQkEgC9DJoVc0_TXS-RdQ,kyo0826,,7254263026702091040,7254263026702091040,
7255749088774865679,四天  500万    不知道是不是中视频  播放量更多  知识就是财富,,1,2023-07-15 09:34:59,#..,https://www.douyin.com/user/MS4wLjABAAAAwiJYJpnWjzfSHZGSUSDEZ_1BzjFv0qAZ84RBH8CwiXU,,,7254263026702091040,7254263026702091040,
7255637576031503104,468万了,,0,2023-07-14 19:39:40,风华双娇,https://www.douyin.com/user/MS4wLjABAAAAHWcQSAFOUDtPQdUQEbSbEldmjkw3g7ewcUXPBWoUWDFhLYoJY-LTS3gXG9NIm9ez,43035604938,,7254263026702091040,7254263026702091040,
7255631951402320679,你找个美女拍你再看看，她穿个巴黎世家你再看看，露个马甲线你再瞅瞅,,0,2023-07-14 19:17:48,海颜（永劫无间手游）,https://www.douyin.com/user/MS4wLjABAAAAoqQivfgGhwjT49dZ4Si8hJJfv_mS6Hm8KkH3O_f_MVZ8rukD3jRMxkDLxrIOTJN7,68442151754,,7254263026702091040,7254263026702091040,
7255558276922180388,449.6[酷拽],,1,2023-07-14 14:31:59,阿米,https://www.douyin.com/user/MS4wLjABAAAAo2ZKxk9-0YpCNEMrNQLG7Zc8lio44WeOCkJC_Pa3ml0vr0eODe6EWrQarFAD-Nb5,94398775201,,7254263026702091040,7254263026702091040,
7255557867636359996,449.6万以上,,0,2023-07-14 14:30:15,csxin,https://www.douyin.com/user/MS4wLjABAAAAJEqbDvbW8QjOzZQlp6xi1Eb2r5q-swA5SbI1Cutj2nbCVjvaHKgXM7OaDLEqmNpb,wangyiwei80814,,7254263026702091040,7254263026702091040,
7255525665221985085,442.8万了，说明你是高质量抖友，刷的比较早,,1,2023-07-14 12:25:19,财神爷的小宝贝🌈,https://www.douyin.com/user/MS4wLjABAAAAWtLsU9QmRY4M69hf6DKX-ZOYKUV9nogAKXLcp7dMlaQ,guo0306.,,7254263026702091040,7254263026702091040,
7255520021878604599,好的视频要慢慢发酵的，现在已经437.7万赞啦，后面会更多，只是你刷到的比较早而已[捂脸][捂脸][捂脸],,1,2023-07-14 12:03:27,李家～丫头,https://www.douyin.com/user/MS4wLjABAAAABBDOOQ8Tcye1XALQFzr1pPPg86UjsoPFTQ1uuXKQlRI,,,7254263026702091040,7254263026702091040,
7255499834831438631,啊，我刷到的时候有432.6万赞啦,,3,2023-07-14 10:45:05,Flamingo,https://www.douyin.com/user/MS4wLjABAAAAyKBhy37qMe8h4MND2ClbwbXQo1igTGcVR1cCFOAprcY,dyjlwvhuk6c6,,7254263026702091040,7254263026702091040,
7255371169960067897,到我为止现在点赞数为429.1111万了,,1,2023-07-14 02:26:46,袁伟,https://www.douyin.com/user/MS4wLjABAAAA3o1jqd8pKaVONpjDCKWpmuGormhD7leR3qOHdGwky0c,SR140102,,7254263026702091040,7254263026702091040,
7255347359030674234,426了[色]坐在马桶上的我看的津津有味,,1,2023-07-14 00:53:49,用户0983628248022,https://www.douyin.com/user/MS4wLjABAAAAZaDLaEDJf-usGNN-hVR3of9KUWgfBC9J4NNatMRFmIl2qBugnwVStd8Jy1ZG7OCz,56675245894,,7254263026702091040,7254263026702091040,
7255334731067654968,422.3了[恐惧][恐惧]我也是你那个时候看到的，现在再看一遍居然这么多了[恐惧],,0,2023-07-14 00:04:34,无月绿植,https://www.douyin.com/user/MS4wLjABAAAAP9c9AYgScK2wY7KWu2W_ZjWfmCUVeSgfGuOwsbdJiJCe0A1KLnTQJC41BhVGGFUO,unbris,,7254263026702091040,7254263026702091040,
7255334561159824140,大哥评论用词好娶个媳妇不会跑,,0,2023-07-14 00:03:51,八零后油腻大叔,https://www.douyin.com/user/MS4wLjABAAAAYyZFIYbpNEXU90VaiCosKyNRTtYtpLAyRNMSbNsxuR0,,,7254263026702091040,7254263026702091040,
7255312117359018786,虽然割树取汁是真的，但是还要忍不住要说树流汁的哪个镜头明显就是有人在那往下倒[抠鼻],,0,2023-07-13 22:36:36,我喜欢,https://www.douyin.com/user/MS4wLjABAAAAjYx-zVpBR9kJQ4V7Ou8iDkdbwWkbMf9wv70T3Ev7gkk,,,7254263026702091040,7254263026702091040,
7255311203730260788,411.4万了,,0,2023-07-13 22:33:03,江流,https://www.douyin.com/user/MS4wLjABAAAAOH4kf5qIuvzkl6uA4HULWdUcuHWLT5UI3eT2jnH1rEw,,,7254263026702091040,7254263026702091040,
7255305501386212133,这400多w看来我是抖音最后推送的了[泪奔],,1,2023-07-13 22:10:57,33三三,https://www.douyin.com/user/MS4wLjABAAAA8FzAhaMthzvxf_Tyq_e_nXl5tfpz2u1P1lnKAEmDNp0,lxs200354,,7254263026702091040,7254263026702091040,
7255156800608682808,355.12万的点赞👍[玫瑰]买了12块来致敬🫡山白,,13,2023-07-13 12:33:55,天蝎族长,https://www.douyin.com/user/MS4wLjABAAAAJiCusOT9RNXfsrLrgn8RCzkDKMluO2mI7R-duu7kIhA,Tianxiezuzhang,,7254263026702091040,7254263026702091040,
7255151784665711420,可能你来得有点早~现在已经354万了,,0,2023-07-13 12:14:29,大何,https://www.douyin.com/user/MS4wLjABAAAA9zZ3oJ6iuLRwGnzFUOIoZ1SBtQosBz0vpFLCColwvj4,,,7254263026702091040,7254263026702091040,
7255143922221089595,352.5万了,,0,2023-07-13 11:44:00,@花姐@,https://www.douyin.com/user/MS4wLjABAAAA2v0P9Vkxe2NX3lYWHk56XvBEEadSDizE-wjX4-gBEg0,,,7254263026702091040,7254263026702091040,
7254907235430974243,295.7了,,1,2023-07-12 20:25:28,秋水、,https://www.douyin.com/user/MS4wLjABAAAAC92kVrtogOwd1k5u_GUj9sZ7--S45Mgn8RW5h2EDNY8,wmx020808,,7254263026702091040,7254263026702091040,
7254848407255302912,277.5W了[泣不成声],,3,2023-07-12 16:37:13,cc66M,https://www.douyin.com/user/MS4wLjABAAAAZ0jNNZZvaGrUGW2ZTiW1qbUGkPQic_hBtur9Xhuhm6g,cc66y816666,,7254263026702091040,7254263026702091040,
7254826048843727620,268万了，肤浅了吧这位来自河北的网友,,3,2023-07-12 15:10:32,清风雅香,https://www.douyin.com/user/MS4wLjABAAAAqZKZYlP19vG-33UL_NgCtG4T_Z-69IT9EInjfH7lTScx37UsZynmAeyUzC6A__j8,38730483937,,7254263026702091040,7254263026702091040,
7254811247760573195,258.6万了,,2,2023-07-12 14:13:01,Fred,https://www.douyin.com/user/MS4wLjABAAAAcmEp2d2sa4MyxLbsLzY4pIeYZl_e693lg-s700PszNw,,,7254263026702091040,7254263026702091040,
7254808231209141053,263万了[送心],,3,2023-07-12 14:01:19,holy.,https://www.douyin.com/user/MS4wLjABAAAApDV1m5Ke2eYjsrcF6R7t6NQlKyEjKHjdbTM4JpCWB1c,bazhahei3759,,7254263026702091040,7254263026702091040,
7254615821912310543,那是你来早了，现在两百多了[看],,7,2023-07-12 01:34:53,蓝 桉,https://www.douyin.com/user/MS4wLjABAAAAnyZ9bHXWoDDQEh8n9pwxzuGrub_CudMS9whC70ofNVM,,,7254263026702091040,7254263026702091040,
7254489052677800759,6 分钟多了一万 看的时候 112.0w 看完 113.0w[泣不成声],,32,2023-07-11 17:22:46,我是小皇帝,https://www.douyin.com/user/MS4wLjABAAAABBuOOw50j5DU1Gohc0bvCkjbjublbd2Cld1hbe14vQ0,Onlyfor_Bestofme,,7254263026702091040,7254263026702091040,
7254270792026882828,[流泪]我也不明白，为什么会这么低的流量。那些博眼球的低质量内容为啥就那么多流量,,76,2023-07-11 03:16:31,香香小狗💕（超幸运）,https://www.douyin.com/user/MS4wLjABAAAAi6dT6MTuUsg6GB-MpUJdV94odiluFjAckf6SENrTKuQ,FuBao9472,,7254263026702091040,7254263026702091040,
7334970288151462683,可不是嘛，你不艾特我都刷不到[九转大肠],,0,2024-02-13 14:30:58,林北·,https://www.douyin.com/user/MS4wLjABAAAA53zx7CRJQsyz_ggO6i5T79JWzjWBehth1xt9h_UdO3-muoYEnasHKAZHAoAGw60V,87324280460,,7254263026702091040,7334969979143537423,嗯嗯.
7254852172982469413,哈哈哈哈哈，不过这视频我赞过！我还因为这视频关注了这个博主,,2,2023-07-12 16:51:52,Jerry-只只,https://www.douyin.com/user/MS4wLjABAAAAd22st4C2XpmKMc7883ER31gueXGIZCQfGeAsJCY6ZaY,Wangjiarui0402,,7254263026702091040,7254851228524561167,Ar.
7271762319523267328,这要是被小日本看了就偷学去了[捂脸],,10,2023-08-27 06:32:03,夏沫的忧伤,https://www.douyin.com/user/MS4wLjABAAAAqksQ9kOE7SSX5hFAYZkQXUdUgwWKt7X4EpYFhug4qiwWbb5ajTajUlVdpnzjkADx,dyjxo8w00b92,,7254263026702091040,7256370863196013375,山白
7257081043344491264,这就是传统并不是什么工匠精神,,9,2023-07-18 17:01:01,276673897363,https://www.douyin.com/user/MS4wLjABAAAAbGHujQQXuoUku5SN6gpAI87own-yAiaxRy64FSqA7tM30WFQPWU6xaN0m7MKQdha,97013788294,,7254263026702091040,7256371048344830757,全智甜
7255893787863761700,昨天有个视频，1500万，悲哀啊！这个世界,,0,2023-07-15 12:13:55,用户5221968182334,https://www.douyin.com/user/MS4wLjABAAAAGleFPTyfxZsO9aXUG3UM_6uAaEvy0Xf0ANFHJm-mJA_nH8x2eGYgGRfzKuBj47fC,dy1iibxw58no,,7254263026702091040,7254263026702091040,
7255565166958904099,,"['https://p3-sign.douyinpic.com/tos-cn-i-p14lwwcsbr/8b0bb46a888a4955bbd1457b90cc50b6~tplv-p14lwwcsbr-7.image?lk3s=7b078dd2&x-expires=1737054000&x-signature=Ai1pTOeryR9OuION652I1JL3hrE%3D&from=2064092626&se=false&sc=image&biz_tag=aweme_comment&l=20250116023942B667F287BCB39740FC28', 'https://p26-sign.douyinpic.com/tos-cn-i-p14lwwcsbr/8b0bb46a888a4955bbd1457b90cc50b6~tplv-p14lwwcsbr-7.image?lk3s=7b078dd2&x-expires=1737054000&x-signature=Od0RJv%2FVdm%2FPXdN6VfVfh4yszh8%3D&from=2064092626&se=false&sc=image&biz_tag=aweme_comment&l=20250116023942B667F287BCB39740FC28', 'https://p9-sign.douyinpic.com/tos-cn-i-p14lwwcsbr/8b0bb46a888a4955bbd1457b90cc50b6~tplv-p14lwwcsbr-7.image?lk3s=7b078dd2&x-expires=1737054000&x-signature=ZfIYROQMfuA9nDJu6IjUrDhdQIg%3D&from=2064092626&se=false&sc=image&biz_tag=aweme_comment&l=20250116023942B667F287BCB39740FC28', 'https://p3-sign.douyinpic.com/tos-cn-i-p14lwwcsbr/8b0bb46a888a4955bbd1457b90cc50b6~tplv-p14lwwcsbr-7.jpeg?lk3s=7b078dd2&x-expires=1737054000&x-signature=0HyZzblDyuOTnBvJATpYGULLN0c%3D&from=2064092626&se=false&sc=image&biz_tag=aweme_comment&l=20250116023942B667F287BCB39740FC28']",0,2023-07-14 14:58:39,石斑鱼,https://www.douyin.com/user/MS4wLjABAAAADfIYOfc6J_Wut0zLytryKnroJJpj_Kp7fNrZKuYuyRU,,,7254263026702091040,7254263026702091040,
7254855736466129724,@黄焖鸡嘴饭 刚才没注意，你看这，我草，昨天两万，今个三百万[暗中观察],,1,2023-07-12 17:05:39,MonSter,https://www.douyin.com/user/MS4wLjABAAAA5GAlxXS9roonqiEJe7L0cWcVs7Q56cNuyl-sK3qvLYE,dition521,,7254263026702091040,7254263026702091040,
7279107270553813800,现在979.1万赞  转发和收藏61万   评论51.2万,,89,2023-09-16 01:35:02,缘玖卿,https://www.douyin.com/user/MS4wLjABAAAAbXtXLFREL5mmkAqeXpg4RhIJtwW9ZlO1u7I_bEFWjEUbsE5vljbiF9MuG2vRqSXb,wbd0120,,7255548637282714383,7255548637282714383,
7296185803972756260,2023年11月1日凌晨两点：1021.1w！！！！实在震撼！！！,,466,2023-11-01 02:07:43,周jo,https://www.douyin.com/user/MS4wLjABAAAA11qmlAsFd3TH_sA9FDJkV7-66CU5ffGUzifEyt6QVt0,13527097583jo,,7264746223889826619,7264746223889826619,
7438971292294693672,2024年11月19日，点赞1116.5万了[赞][赞][赞],,96,2024-11-19 20:47:58,喜马拉雅猪,https://www.douyin.com/user/MS4wLjABAAAAsu8ylP-4bROMPj2m-ROWSnNKiGJkdXwPdxNQYPMcjjFX9GFi41azIvWXvukv9e3L,34615734753,,7264746223889826619,7264746223889826619,
7255282784159548219,为啥用斧头，好危险，真怕松动甩头上,,1860,2023-07-13 20:42:50,用户8985123273060,https://www.douyin.com/user/MS4wLjABAAAApYCbTGeQwjQ77XN4ZcDSZmllxAV8i-DCPUoHrCvZ1Qg,27909298405,,7254284324027220771,7254284324027220771,
7256767703611704122,这是微墨，李子柒是做不了的，,,1520,2023-07-17 20:45:05,郭、里有饭,https://www.douyin.com/user/MS4wLjABAAAABFxM8s_sBlWUW5Cyq6K8J7W70trtJz0fmztFFER1DcbNz9Wyo7PQXjCNtvR-vBNm,heibai48520,,7254284324027220771,7254284324027220771,
7254595973099586359,@彭传明 这个也发过，文房四宝，还有胭脂什么的[流泪][流泪][流泪][流泪],,550,2023-07-12 00:17:49,偶尔也会犯浑の,https://www.douyin.com/user/MS4wLjABAAAAV4wj0L8fe9Cbz9lP-dqo7ZbKhPiRtbTsI2Rc905PFG0,dyv2na3to28c,,7254284324027220771,7254284324027220771,
7282179985677435707,这绝对是我见过视频赞最多的,,38,2023-09-24 08:17:47,^失眠夜💤,https://www.douyin.com/user/MS4wLjABAAAA0dF95t71nOiwG8YFceX1Jby1DPjqXeHnwuh3tb2Gd-hzBZeMV8Eesiti_V3PJobC,dy4t2pd4d89y,,7254284324027220771,7254284324027220771,
7261556180983366441,难怪以前的书生很多都买不起文房四宝的，光这一个墨就买不起[捂脸],,6089,2023-07-30 18:26:55,এ᭄赵雪玲,https://www.douyin.com/user/MS4wLjABAAAASveX6QP8vi0uLluj8d4o1zgwLsCX37z1KBHRvK03wH8,z13953690312,,7257167856013443875,7257167856013443875,
7355163182531494683,难怪电视上磨墨的，我都不懂墨是怎么磨出来的,,1658,2024-04-08 00:29:50,多云转甜,https://www.douyin.com/user/MS4wLjABAAAAfdzdOAzGgBUHVGBDvx_ZM4Q89utWGpc8Xfe8wQKDRv0,,,7257167856013443875,7261556180983366441,এ᭄赵雪玲
7255226995986105103,应该是一年半吧，最后他风干又风干了半年,,33192,2023-07-13 17:06:23,^无缘^.,https://www.douyin.com/user/MS4wLjABAAAAs_nuoffz7XOLmJxW6qfPVHgrm-UdYfu5G1Ap0ETGBjQbujA6Y55voAICxyfANGTM,G_fovik_Y2_3,,7254218441358623523,7254218441358623523,
7255227638092104467,大概两年的视频 感觉,,16305,2023-07-13 17:08:52,用户7480363988380,https://www.douyin.com/user/MS4wLjABAAAA1hWDcnTuq-qY_JC1Tnmmx1XCPV3HOqKEmw3tWjY53C51qD2U6ivkdm9wAPI80nyw,73626804962,,7254218441358623523,7255226995986105103,^无缘^.
7256326401996718903,大概两年半的感觉[流泪],,6662,2023-07-16 16:12:40,idontgivesh1t,https://www.douyin.com/user/MS4wLjABAAAAlua32JFS1XY4cTuzpIFwPcRvGwdL1R-iF_K3evSB4nU,,,7254218441358623523,7255227638092104467,用户7480363988380
7332877440160989991,你说有没有一种可能他把一年前弄好的材料拿出来拍摄呢[泣不成声],,91,2024-02-07 23:09:38,🍊大橙子丶,https://www.douyin.com/user/MS4wLjABAAAABs-wvO1Lr49Sl-HAbVMAU-BmG-TSzYO8fDp1rkd1mkk,,,7254218441358623523,7255226995986105103,^无缘^.
7377433540373349156,文字是给大家看的，一个视频几年出一个，你相信吗，这个只是演示制作过程.,,27,2024-06-07 00:50:10,，❤欣欣,https://www.douyin.com/user/MS4wLjABAAAAk5dm8hDQbsOGmkwJKRJWWt7eAyctYk1erinqRHqO0X8,sy85878502,,7254218441358623523,7254218441358623523,
7260237171889275663,怎么可能啊，用的是两年前的不会？现在的留到以后[捂脸],,170,2023-07-27 05:09:16,王e达,https://www.douyin.com/user/MS4wLjABAAAAAkdMP0VOXgTcmpkUkssC2OhncwAEJCCCv7ygKF4fjcM,tbyingxiang,,7254218441358623523,7254218441358623523,
7352690433271644963,怎么不可能了你说说呗，请问博主两年前做这个的视屏你翻出来我看看啊,,12,2024-04-01 08:34:15,墨雨南笙,https://www.douyin.com/user/MS4wLjABAAAAWRt5CmOhmi95D7KJt-VJVn6YdIXp3GkdD8ZvskOygRg,,,7254218441358623523,7260237171889275663,王e达
7338489828931437348,应该是有团队找个师傅 把所有的过程做一遍 所有的材料师傅年年做已经循环开了,,57,2024-02-23 02:08:45,啦啦啦啦啦啦啦啦,https://www.douyin.com/user/MS4wLjABAAAASID22haeJQuXuvvlo96E27i49gb41F5Kmjrxo7w7U54,,,7254218441358623523,7254218441358623523,
7287007487685346107,人家专业做这个的，就不能有去年的存货吗？,,99,2023-10-07 08:31:12,Iris～爱丽丝,https://www.douyin.com/user/MS4wLjABAAAAUXxmX2Nyf4tchmjNHNrSVZBYjw_-K56Tr4qEaKOP1kk8-ldFzKcWvfZHIRkpf9rm,wangxifu21221,,7254218441358623523,7254218441358623523,
7284270801548935992,你没看到那一箱墨吗？是他提前弄的，其实拍这个视频只用了三天，没有一年那么久,,124,2023-09-29 23:31:15,飘香,https://www.douyin.com/user/MS4wLjABAAAADIAGACK7ThvyZ9XWLE_EsTXw3PmoGxH2TB3ylGsqIQM,dy0762cnmoxv,,7254218441358623523,7254218441358623523,
7263348191759696651,@三万天 @💭💭 [大哭][大哭][大哭][大哭][流泪][流泪][流泪][抱抱你][抱抱你][抱抱你][抱抱你][抱抱你][抱抱你],,6,2023-08-04 14:20:56,蒜了,https://www.douyin.com/user/MS4wLjABAAAAwSR4XMW_KtEu6K4IsiH9PfjFy4km009gtFy76n8e2GA,19913363562qx,,7254218441358623523,7254218441358623523,
7257814666290103040,没有[泣不成声]阴干一天，阴干一年，再放置半年，琐琐碎碎的可能要三年多[泣不成声],,687,2023-07-20 16:27:57,厕所小公举,https://www.douyin.com/user/MS4wLjABAAAA5pSyQ1_nsI_UuTEyxvKH6ht7lOiTPhBXuR-fwfL8Ne9td4jsrLpNp1LdrTw06G7l,51230647744,,7254218441358623523,7254218441358623523,
7261824394270950155,阴干1年，吸湿半年，挂晾半年[害羞],,335,2023-07-31 11:47:41,𐄚小小泥鳅,https://www.douyin.com/user/MS4wLjABAAAAe_42ZKwcSG6hEwWpjy8oAmD42qwdA0GMTJVVFJWkywo,xiaoniqiude,,7254218441358623523,7257814666290103040,厕所小公举
7259286759203308325,本来就在干这个。。今天采树搞完。。明天拿去年的来做不行吗。。[抠鼻][抠鼻][抠鼻][抠鼻]只是告诉你流程而已,,318,2023-07-24 15:40:18,幻,https://www.douyin.com/user/MS4wLjABAAAALDpXyanuEqX6pfMfvqHd9GP7gRC8HFFQ11Pyv_94Ol4W2UaiG-og99xj-nK7pkkg,hiandeganj,,7254218441358623523,7254218441358623523,
7258418396555068223,你自己做需要那么久，他自己做，很快的[抠鼻],,41,2023-07-22 07:30:52,@有点忙呀,https://www.douyin.com/user/MS4wLjABAAAAJ8b5aOMXGF5V_1fDwQVwiUvj4N-ov0FxW0MlwC0T-7E,,,7254218441358623523,7254218441358623523,
7258287222314173196,怎么可能呢，步骤都有循环的，不可能这个做好在做下一批。,,75,2023-07-21 23:01:37,用户1618501144181,https://www.douyin.com/user/MS4wLjABAAAASJpxmfbF-LcKnlDJjKIuzdfBHFFBVySWSHwJThE5Or0,26274143763,,7254218441358623523,7254218441358623523,
7257938559067226914,彭传明2021年就发过了[捂脸]，我一直以为那个主播是我们湖南的,,37,2023-07-21 00:28:53,棉花糖不是糖,https://www.douyin.com/user/MS4wLjABAAAAAoeVu60PIXHFR292IH0LEKWrB3O54Al1BH_J4V_7wsf8k1sBt5873WlHEdhY-v6K,dyj632403462,,7254218441358623523,7254218441358623523,
7256279657832563493,采集桐油，烧灰，阴干，吸湿半个月，晾了半年，好像还有一点杂七杂八的吧，这不得两年呢,,41,2023-07-16 13:11:10,寻渡,https://www.douyin.com/user/MS4wLjABAAAARhOEycfLaaXZDvfS-oOQsGVrfJfi4YsXOZQ9L7FoCow,,,7254218441358623523,7254218441358623523,
7256097901808616203,@梁 [泣不成声][泣不成声],,0,2023-07-16 01:26:11,🍓草莓冻冻🌈,https://www.douyin.com/user/MS4wLjABAAAADMjiDyWf0SLNZSDZryoQJ2q6vot86Q6kKmqLMG98dgg,,,7254218441358623523,7254218441358623523,
7254948654695646007,一年半，还要晾干半年[捂脸],,229,2023-07-12 23:06:17,kilgt🌈🌈,https://www.douyin.com/user/MS4wLjABAAAA2ACN_uhiDsINcK0Bc0Th30c-0D__mYCgPiw8rdwVydY,,,7254218441358623523,7254218441358623523,
7254331421962650380,手法熟练，工具齐全，应该是每年都在做[看],,147,2023-07-11 07:11:11,七秒钟记忆,https://www.douyin.com/user/MS4wLjABAAAAqSWJrFOmOr8wSeUJL0ZoD6PUyBZasaGI4HL75gVJa0XWhLOmCSgBZNSfs2Lz67Wy,46814737648,,7254218441358623523,7254218441358623523,
7254296230163153725,可能年年都做，视频里用的是以前做好的，只是把方法告诉我们,,272,2023-07-11 04:55:27,红豆一屋,https://www.douyin.com/user/MS4wLjABAAAAEaEE2wHJedx84x7w6dX3HCvmKkCpjB-1XhNQAicPfvK06--On6PUla4h-Vg4hqpT,yu080820,,7254218441358623523,7254218441358623523,
7261188535091364666,关键有的奢侈品有钱也不一定能买得起,,5389,2023-07-29 19:39:50,Commander,https://www.douyin.com/user/MS4wLjABAAAAPYXOiH4GcAFpxOUbZPKEPZiS1qxv7dOWnug4sa2k_Uk,,,7254572950182937404,7254572950182937404,
7285943700885603111,中国历史悠久。跟历史沾边的东西哪个不贵[捂脸]他们不买不知道，连了解也不愿意,,2221,2023-10-04 11:42:55,。瑾,https://www.douyin.com/user/MS4wLjABAAAA6-AfBFPcAfjMJBQ44tbtZbUdHs0H4l_Z6JWIZKWvb5jXtduD3gmNYoQbrTfvdBES,76205671462,,7254572950182937404,7254572950182937404,
7254477710674936609,古代都是奢侈品，送礼都喜欢送文房四宝！,,60625,2023-07-11 16:38:43,A~小涛,https://www.douyin.com/user/MS4wLjABAAAAQqOLQr7shED0CKTU_74qT5LT3PUy7xLKCQRvKV7JYQI,,,7254280920655561504,7254280920655561504,
7254562244549542717,哇，原价1.28w现在只要9.6k，便宜了将近我一个月工资呢[流泪][感谢],,11403,2023-07-11 22:06:45,张柯柯,https://www.douyin.com/user/MS4wLjABAAAA3ntUzOPmdrMVKwTQltnhZKi3cjOzABvO75-FdPixlbh48GMOcS6sX5rVqLRQI37p,54784585586,,7254280920655561504,7254477710674936609,A~小涛
7254714705443865405,而且这是最名贵的文房四宝，湖笔、徽墨、宣纸、端砚，哪个都不便宜[泪奔],,7015,2023-07-12 07:58:28,健康美丽小富婆,https://www.douyin.com/user/MS4wLjABAAAAnr3NNoxXmiM7PpOg0EbKX-ZLM3OhbQAYp3A8Hyfq6jiIGJKMePtdm5YY_vGqK2LB,,,7254280920655561504,7254477710674936609,A~小涛
7255276126654169875,古代送的都是古董文物，普通文房四宝谁送啊[捂脸][捂脸][捂脸],,637,2023-07-13 20:17:02,烟花,https://www.douyin.com/user/MS4wLjABAAAAEJgd5gm7H_q1-fflpv3cx1v2tFZCAz1iZX7Vav7cz4U,,,7254280920655561504,7254477710674936609,A~小涛
7255674910810112820,@哈That girl 难怪那些退休老干部好多都喜欢琴棋书画[流泪],,519,2023-07-14 22:04:30,直男小杜,https://www.douyin.com/user/MS4wLjABAAAA1A5t86PLltNl9wuruDDpspMHi-_Bwd2lY7v4D0Cq6p4,,,7254280920655561504,7254477710674936609,A~小涛
7255693278921671458,金钱与地位的象征，实际上是钱用不完[泪奔][泪奔],,496,2023-07-14 23:15:53,哈That girl（见过十个勤天版）,https://www.douyin.com/user/MS4wLjABAAAArU-Vh_iKVFcjvUZ0LiecJVC4KPHorWnvJBixKEVOZuoK0aBHOSzBpLM0IZQ4INLw,dy0u7di0wim8,,7254280920655561504,7255674910810112820,直男小杜
7256231314809815866,之前好像看过在古代好的徽墨都是贡品,,334,2023-07-16 10:03:44,用户5256952734876,https://www.douyin.com/user/MS4wLjABAAAA4qX8CA1z-i9dqXo_tz-xury-HlSDheATH693XP-5OD4,80868361431,,7254280920655561504,7254477710674936609,A~小涛
7256255539180634914,是的[捂脸]更何况现在，手工艺品的东西更是难能可贵,,237,2023-07-16 11:37:42,豆逗⊂(˃̶͈̀ε ˂̶͈́ ⊂ ),https://www.douyin.com/user/MS4wLjABAAAAjK3M9av6yBBtuUNu8Ijj3O0CSpO9JU-iVuSlmWAFgAI,,,7254280920655561504,7254477710674936609,A~小涛
7257082403101164343,笔，墨，纸，砚这几个现在都是奢侈品[捂脸][捂脸][捂脸][捂脸],,255,2023-07-18 17:06:24,清风，,https://www.douyin.com/user/MS4wLjABAAAAQ3o8OFVhQp02YPoDSB8PHgy4TxIgWd1M--3x40qaHuQ,,,7254280920655561504,7254477710674936609,A~小涛
7257446626762064694,@Joooy_ 我的天 果然贵的还是中国的奢侈品 是我草率了 真的好贵[捂脸],,190,2023-07-19 16:39:39,爱喝九珍的桃桃乌龙🍑,https://www.douyin.com/user/MS4wLjABAAAAFNaZxFaTVxtG7WspyCCpU0Fo6ToKNCqZo5SexVdwUKw,xin_ch1113,,7254280920655561504,7254477710674936609,A~小涛
7257912667963409192,我公公的朋友送给他一个 质量不知道怎么样 根本舍不得用 只有过年了才用它写门联[捂脸],,217,2023-07-20 22:48:05,宝盖头下一个丁,https://www.douyin.com/user/MS4wLjABAAAAjzMVmYziGdSMPfKFPkJ1HeagPCF8i4Aeqq5yojudzjs,,,7254280920655561504,7254477710674936609,A~小涛
7285739402688807743,我家就是做端砚的，老贵老贵了，材料是水底岩，冒死开采的石料[捂脸],,204,2023-10-03 22:30:10,用户3847347356116,https://www.douyin.com/user/MS4wLjABAAAAkWWj2x1bTrtoSZ5KkxMMxeYwYNJ1oSYmej1aUjTC5e5FH0BeRmCJSXfYor81NRwz,97084806543,,7254280920655561504,7254714705443865405,健康美丽小富婆
7362544800325518131,@suuurg 给你画个饼，哪天发达了送你这种[送心],,4,2024-04-27 21:54:08,足智多谋的冷漠冒险家,https://www.douyin.com/user/MS4wLjABAAAAdyflpTNcvAWTPxJv-xDmXJhs8GN5rfrXRwOylpxdQyc,Y28928,,7254280920655561504,7254280920655561504,
7307870311792657161,徽墨，端砚在古代是皇室专用，你说贵不贵。,,135,2023-12-02 13:49:11,讷讷,https://www.douyin.com/user/MS4wLjABAAAAtsWzkSqUbv4LXqZbg9_uFByX8fkVdR96Fb7R2IUY9cY,,,7254280920655561504,7254280920655561504,
7281580719590818579,只要现在看到非遗或者制作时间长的东西就大胆想价格[泪奔],,120,2023-09-22 17:32:21,千变万化癞蛤蟆,https://www.douyin.com/user/MS4wLjABAAAADWSpz8KGkVA-2UZGJN9S98qHA4Z_EgZEek-O9yFVqxM,zc101398,,7254280920655561504,7254280920655561504,
7264431807843992360,我学毛笔字以后你们送我怎么样[呲牙][呲牙]@F浮 @不胜舟. @没烦恼了 @搜跌斯 @鹤翥,,3,2023-08-07 12:25:52,摘星星🌙,https://www.douyin.com/user/MS4wLjABAAAASDT1GF3U9s8joly21ypSJa0I0ifjfCKivjGawc051vY,29615062247,,7254280920655561504,7254280920655561504,
7262257842971214628,@西瓜籽分拣机（艾尔激推版） 这个价格我在游戏商城里见过[泣不成声][泣不成声],,5,2023-08-01 15:49:48,Wrio.,https://www.douyin.com/user/MS4wLjABAAAASseBzu2RY7CScf9qGesgIv4a-Og13byx0YcEBYuV0S_e7Lj-N3NThQkTTg5zUa38,64738518446,,7254280920655561504,7254280920655561504,
7256322251074913058,@苒苒的早茶Mojito 好厉害[流泪]我觉得人工值这个价[流泪]我以后买一个放家里装杯[流泪][流泪],,23,2023-07-16 15:56:35,昭,https://www.douyin.com/user/MS4wLjABAAAAoLZjq2yP3NSGU16Rw7Ubfn87MI8MtfgvHxYEMz7Xsdo,,,7254280920655561504,7254280920655561504,
7256288778560832314,@准了 @Somnambulist 我只能说这么久的制作时间值得这么多钱[泣不成声][泣不成声][泣不成声]虽然我买不起,,28,2023-07-16 13:46:36,超级霹雳暴龙战士,https://www.douyin.com/user/MS4wLjABAAAAx0EBFLXPIt_1_Mkh6w9s0ngG5iWM1i6OWLJTbq6h8r7DfnhmETEAMbzjDNVJXMIH,27888104260,,7254280920655561504,7254280920655561504,
7255178883636560698,@W-Re @傻不拉几 @oooh. @对对对对 @赵好梦 看完视频我觉得这个价格合适[流泪]过程太漫长了,,1,2023-07-13 13:59:41,裸奔的螺蛳粉,https://www.douyin.com/user/MS4wLjABAAAAmyhST41vMVZpv44HvWHE-znZpnS_hS7d-xqpK9CaKFc,,,7254280920655561504,7254280920655561504,
7258924170711860003,现在也是奢侈品，只不过崇洋媚外的太多了，这些没人传承[如花][绝望的凝视],,118,2023-07-23 16:13:19,江南风彩,https://www.douyin.com/user/MS4wLjABAAAABcKcOTipAv8tyogYOLBvVkFgB8PfjqtEm-WVjyzZWTjrvTlhj9sztfV50LL2saDN,26910059459,,7254280920655561504,7254477710674936609,A~小涛
7255872599538910013,@不加糖 @共产主义接班人,,0,2023-07-15 10:51:36,蔓枝~,https://www.douyin.com/user/MS4wLjABAAAAk6lPQsKlaVopTtRYO4jKeAgIlVy0v--0mJQkQ7BQtiE,jiewo.wangyou.,,7254280920655561504,7254280920655561504,
7255306430672519977,天呐[流泪],"['https://p3-sign.douyinpic.com/tos-cn-i-p14lwwcsbr/8f13c8b951a04c0bb27ce715e6f7dc8b~tplv-p14lwwcsbr-7.image?lk3s=7b078dd2&x-expires=1736985600&x-signature=XY6y8Nnol5SiR7i%2FLLqijP9RjC4%3D&from=2064092626&se=false&sc=image&biz_tag=aweme_comment&l=202501160240015A083252F5BCB73CB748', 'https://p9-sign.douyinpic.com/tos-cn-i-p14lwwcsbr/8f13c8b951a04c0bb27ce715e6f7dc8b~tplv-p14lwwcsbr-7.image?lk3s=7b078dd2&x-expires=1736985600&x-signature=4IHztghSVIslX%2FnOERiGpuWAJCY%3D&from=2064092626&se=false&sc=image&biz_tag=aweme_comment&l=202501160240015A083252F5BCB73CB748', 'https://p26-sign.douyinpic.com/tos-cn-i-p14lwwcsbr/8f13c8b951a04c0bb27ce715e6f7dc8b~tplv-p14lwwcsbr-7.image?lk3s=7b078dd2&x-expires=1736985600&x-signature=gf6Qu4PPKl9xI3m6BuF71fa%2BygM%3D&from=2064092626&se=false&sc=image&biz_tag=aweme_comment&l=202501160240015A083252F5BCB73CB748', 'https://p3-sign.douyinpic.com/tos-cn-i-p14lwwcsbr/8f13c8b951a04c0bb27ce715e6f7dc8b~tplv-p14lwwcsbr-7.jpeg?lk3s=7b078dd2&x-expires=1736985600&x-signature=jtSNpsZXTY0UYtjeD6oY795d4BY%3D&from=2064092626&se=false&sc=image&biz_tag=aweme_comment&l=202501160240015A083252F5BCB73CB748']",151,2023-07-13 22:14:35,旺仔小牛奶,https://www.douyin.com/user/MS4wLjABAAAA1ejQHvA8n2pdXmr_0P0IutiwPgSRSLYAHhtk8duTVl8,MZi230124,,7254280920655561504,7254714705443865405,健康美丽小富婆
7255158650665976588,@许卿 @． @清真 @无聊,,1,2023-07-13 12:41:07,十五号,https://www.douyin.com/user/MS4wLjABAAAAFPlCBllDF0fLOOiXHHWDQ0FYecZP3UVRaDmqtCrg11LD7I3yN0DEB_FtdzrEElzB,387483847t,,7254280920655561504,7254280920655561504,
7284223969165902631,你要学会自己打破自己的评论。,,331,2023-09-29 20:29:22,瑶,https://www.douyin.com/user/MS4wLjABAAAA32ItD6-y4Qd0s42bwfPEoTuksqIsyB00CCYbf5b04jCuKtPvJIdsA5G2ljcEjZb2,yyn62403002,,7254425262346126113,7254425262346126113,
7254239854023574331,一般用的起宣纸家庭也差不到哪去[捂脸],,7935,2023-07-11 01:16:03,联系我,https://www.douyin.com/user/MS4wLjABAAAA5Ys8zZRHSo3Q-sX1ldvDR94TKdslyUH_6ltFVg4mjL3nsB9mW618b6VI732-0uUm,lianxiwo4521,,7254237389449675520,7254237389449675520,
7258646004772651795,那我比你好点，湖笔最先买家就在这边，宣纸就隔壁宣城也买了，龙泉印泥最贵将近500块也就一点点也买了，目前用的都是一得阁瓶装墨汁，徽墨是不想了，我的字不配！,,1404,2023-07-22 22:13:50,Mr.Sam,https://www.douyin.com/user/MS4wLjABAAAAgtaDzGoKXBmYbr5Pk_h4AwdxLN6jgOVrwBG_ElESadE,ajbhxxh,,7254237389449675520,7254237389449675520,
7311388021667382025,徽墨不贵啊[捂脸]，屯胡一两百都能买不少老墨了[看],,227,2023-12-12 01:19:52,AAA猛吸屎壳郎放的响屁,https://www.douyin.com/user/MS4wLjABAAAAtkovxAhEtbvCq4gjMiG65ijjPtRuzcM2RGJ2eAwQ4P3vae-bCqGp9JHkJk9L3bB0,59325039957,,7254237389449675520,7258646004772651795,Mr.Sam
7431569758091657995,等你看一集宣纸的制作过程再说吧[捂脸],,4,2024-10-30 22:06:16,徒步行客,https://www.douyin.com/user/MS4wLjABAAAASOkb_rNBsr-DVXBObI3fRc0NZ16KKhBRsVuRiSS7EwE,,,7254237389449675520,7254237389449675520,
7258487251088065332,龙泉印泥[泪奔]真敢想啊[泪奔]这个是真的贵[泪奔],,91,2023-07-22 11:57:51,爱吃薯条,https://www.douyin.com/user/MS4wLjABAAAAqmFUfm3sI1UQrhlCg_FANipuM7hxp3ApICNijNeErwA,Aug.7J,,7254237389449675520,7254237389449675520,
7257545134018708287,宣纸贵的也很离谱[流泪]以前画国画被吓了一跳,,68,2023-07-19 23:01:55,。1758,https://www.douyin.com/user/MS4wLjABAAAAOp8OABA6QNqSQ0O0zUjpXlzzGto-EpJ7D0FnG9T93pI,,,7254237389449675520,7254237389449675520,
7254524402388452156,主要是不会写，买了没地方用[泪奔][泪奔],,25,2023-07-11 19:39:53,我名字成腾讯的了？,https://www.douyin.com/user/MS4wLjABAAAABKV_vvmQMc4Oe-kEi-PJcabuRPPgpznoet9s1O_WBio,,,7254237389449675520,7254237389449675520,
7254515818820846371,你买的可能不是宣纸 [看]起码得是红星那种级别的  我反正买不起,,38,2023-07-11 19:06:36,Yepsr.,https://www.douyin.com/user/MS4wLjABAAAAlyc611DJpXVvRBfrenPGDch9Rz7-4LYC3Odw3gqCL22mEaj3Y_1vxxxN5fAHRnA4,55463555922,,7254237389449675520,7254237389449675520,
7254511577293505320,好宣纸按张卖，一张好的有可能都要三位数以上，你也不简单啊[捂脸][捂脸],,77,2023-07-11 18:50:09,快乐小蒋,https://www.douyin.com/user/MS4wLjABAAAAEAZY7R0t8Srhwd_KZO5wunI9xkN6ljmHGqzUazxC6jM,,,7254237389449675520,7254237389449675520,
7254456403099059000,我生生写不出个好字来，买得起也是浪费。,,42,2023-07-11 15:16:02,向阳花,https://www.douyin.com/user/MS4wLjABAAAAA4_3Fn4u5uSmOu5kmFpaTQU7d2IwqUvyev9sslL-EcXNigg8ESxYRr9N9S600Viq,dyn9ck5a3jmt,,7254237389449675520,7254237389449675520,
7254346945845723939,你会写大字吗,,317,2023-07-11 08:11:26,🏹细🏇雨🚗,https://www.douyin.com/user/MS4wLjABAAAAP2uRgAsAw3UqrE-QgMWuw_AJbdJozeGTnlFhmpurzGs,9720018904z,,7254237389449675520,7254239854023574331,联系我
7254476160574636833,阴干一年是真的，但是视频开头那份跟后面阴干一年后应该不是同一份[灵机一动],,424,2023-07-11 16:32:46,陈大先森,https://www.douyin.com/user/MS4wLjABAAAAq92BkzHBUpoI56N6hrW65gxztbcTbCnvlqcxrmTs4_c,,,7254358320857219878,7254358320857219878,
7254453867034198799,每年都在做，直接把上一年阴干的拿出来就行[看],,356,2023-07-11 15:06:15,造化生辰秀,https://www.douyin.com/user/MS4wLjABAAAAFfNHkk2gMP7BKMJg7KUAx5u5M2O5o7vvm1fCjPrhwGYldAZS4k_IHTUDC1tEeZtG,mhkh328427,,7254358320857219878,7254358320857219878,
7274131455122031420,你说的这句话让我想到了在高考视频下有个人是这么问的：上一年不是已经高考过了么，今年为啥还要高考[笑哭],,91,2023-09-02 15:45:25,淮水竹亭,https://www.douyin.com/user/MS4wLjABAAAAO1M4psEuwBQVVIzjX0Gp3RshAPbrjXt-Trxw2zOJNRc8xmGJ-vxocD-Ic0ahivFu,52163797491,,7254358320857219878,7254453867034198799,造化生辰秀
7254465605230641955,有没有可能人家有已经阴干一年的材料放着，录制视频做了一部分替换放进去继续阴干[泪奔],,146,2023-07-11 15:51:50,大李会发财,https://www.douyin.com/user/MS4wLjABAAAAvFnDHNAdOYShFEy_SBQXZAclucp7jrhsjw7kJaWGjeE,702010709as,,7254358320857219878,7254358320857219878,
7254446749502456608,有存货啊，肯定不止是为了拍这个视频才做的[捂脸],,31,2023-07-11 14:38:39,冰糖葫芦五加皮ฅ,https://www.douyin.com/user/MS4wLjABAAAAxcr_qtJ0Tw66O_M80qzTsmN8FdDi3HId9Hr5P1yFcDo,,,7254358320857219878,7254358320857219878,
7254429395492799243,拿的是去年做的，去年这样做，今年刚好拿出来,,8,2023-07-11 13:31:13,拒绝不爱,https://www.douyin.com/user/MS4wLjABAAAAgg21bVUHqr5eEMPapUmsa0uYV3FAsyYagHyJdexX9t0,37824515318,,7254358320857219878,7254358320857219878,
7254414945693336379,应该是阴干一年那里，博主拿出了去年提前阴干的磨来接着做，不然怎么好等一年，但是东西确实是阴干了一年的东西[呲牙],,11,2023-07-11 12:35:11,游子居,https://www.douyin.com/user/MS4wLjABAAAA4LyZE-SEo0f-N-VaF7vRISZQn2FbqgpxT37Oyv0C25M,LV11226060,,7254358320857219878,7254358320857219878,
7254411864767300355,有没有一种可能就是，他每个季节都做，然后都是用最近的拍的视频[泪奔],,11,2023-07-11 12:23:16,用户3489153901977,https://www.douyin.com/user/MS4wLjABAAAAN34W0QdNurI5RXJRYQMfPk9Zgq9O-nAgQVt_FJptB_E,36298377205,,7254358320857219878,7254358320857219878,
7254405860435297057,这个创作和李子柒的风格差不多，李子柒为做一件马褂，可惜从养蚕开始做,,2,2023-07-11 11:59:53,小新没有蜡笔,https://www.douyin.com/user/MS4wLjABAAAAvP39hAS-JlC9E2D3z8lTxwY9HliEOaEF5un94fNxw6I,,,7254358320857219878,7254358320857219878,
7254403402934485819,有没有可能，现在拿出来的成品是以前的[捂脸],,2,2023-07-11 11:50:22,苏北印象,https://www.douyin.com/user/MS4wLjABAAAAeyfuWahgrtImvZ1rcu1toQu9cO-hvTIoz22_0JvO3Cg,,,7254358320857219878,7254358320857219878,
7254381235446563622,已经阴干的 是去年的，正在阴的，明年再给你录,,4,2023-07-11 11:37:33,🔥寳狐灬,https://www.douyin.com/user/MS4wLjABAAAAWDeWH8WZ96TG1WZDY0RpZr9ZOHy5QoT8ZtgaFP5Foh4,xiaobai_313,,7254358320857219878,7254358320857219878,
7254389223653950208,只是展示制作过程，没必要纠结细节[鼓掌][鼓掌][鼓掌][鼓掌],,4,2023-07-11 10:55:24,💞꧔ꦿ᭄李尚王来🦹¹ᶟ₁₄,https://www.douyin.com/user/MS4wLjABAAAAUFDkNHUCEpX70DMOsNErVSvCXujRo36dUAMIGpZbPIg,,,7254358320857219878,7254358320857219878,
7254385517638288165,说不定人家几十年前就在做了呢[看],,2,2023-07-11 10:40:59,暴躁老哥,https://www.douyin.com/user/MS4wLjABAAAA16Q_mFsW-8erQnad1uI8gRzITtJOBGb8ROnuy56RNaU,,,7254358320857219878,7254358320857219878,
7267455079857374006,现在900万了，真正好的东西都值得被欣赏，希望一直传承下去！[赞][赞][赞],,41,2023-08-15 15:57:33,天美妆园（喜笑颜开）,https://www.douyin.com/user/MS4wLjABAAAAFU_tokaqd0RTqfQNiqQ0miqHsbH5MgIPvR4PDZcv08I,,,7255292971792319267,7255292971792319267,
7440825187023143717,1117.5万了,,18,2024-11-24 20:42:00,Goya,https://www.douyin.com/user/MS4wLjABAAAAK1in4POmb0-SxIQ42FUHnXmN_OaCYFAET31nc4nIDinIpJ7X9gOgsm3vj_2S1T3x,33228790457,,7255292971792319267,7255292971792319267,
7258334675533841207,肯定是刚开始发现这些材料然后先做出第一代墨然后再随着时间年代的推移，慢慢改进，最后成为现在我们看到的这样,,3042,2023-07-22 02:07:01,鱼七,https://www.douyin.com/user/MS4wLjABAAAAYsYAVEy1lh7CrTjaZF8SkNfjaC59vpVXGr6mqdIgIfmqqBu5a8xVLlUFIvLUN_KB,39240274762,,7258313621229683493,7258313621229683493,
7258358028264309565,明朝的徽墨到民国时期仍有香味，它是朝廷专用的，解放前后左右大多都已失传，古时候要风干三年！,,1616,2023-07-22 03:37:56,A影弟小阿星✔,https://www.douyin.com/user/MS4wLjABAAAA0CNgA255tejOEv_plDePCEY3EQn-lUVttbcIA8GR-RI,31032191038,,7258313621229683493,7258313621229683493,
7331781445775950630,就像现在的产品，客户使用后后提出意见，然后不断的更新，加入新材料，完善技法,,472,2024-02-05 00:16:37,山色杳杳,https://www.douyin.com/user/MS4wLjABAAAAG-ez0JeerRoL85zK-ZniJ03egl7pa6VLqXifGRcqaX0,wm0099,,7258313621229683493,7258313621229683493,
7264786731994661632,积年累月的摸索直至完美，应该不是一个人的功劳，群众的智慧和力量，直至徽墨的完美,,232,2023-08-08 11:23:03,顺风中国,https://www.douyin.com/user/MS4wLjABAAAAtLNkPuhYnyMpEGbMUj8_f7CR8jk5msOr4XEVvPxif6r40lrJCPMhaLgtP1gmAUKS,shunfengzhon48,,7258313621229683493,7258313621229683493,
7264256668131869459,古人常说的七七四十九天绝不是开玩笑的[看],,60,2023-08-07 01:06:42,扯猫尾,https://www.douyin.com/user/MS4wLjABAAAAPLHBPPJIOyOxyyAhwk4Zc0Wsc6dNDo8f6d6jAP2lMYE,,,7258313621229683493,7258313621229683493,
7263354222433846056,就像你炖骨头怎么知道要炖两个小时才能炖烂的！,,87,2023-08-04 14:44:09,糊涂先生,https://www.douyin.com/user/MS4wLjABAAAAsgEEA8jfgE4i7YcdIYY4mLP9VmzhUb2o739jGaB_z4s,,,7258313621229683493,7258313621229683493,
7262285874393465635,古代的人天黑了又不能蹦迪，又不能去网吧，还不能吃烧烤喝啤酒，不点个煤油灯研究吗,,91,2023-08-01 17:38:32,夕阳阿夣,https://www.douyin.com/user/MS4wLjABAAAA4GuMdiKa1hjNBspHmUB6XU_qYYMwI0dTIkgfesNijH8,Yhj2023Too,,7258313621229683493,7258313621229683493,
7262205541090853668,可能不用这么多工序也能做，只是做出来了，大家都这么做了,,32,2023-08-01 12:26:46,t兔子,https://www.douyin.com/user/MS4wLjABAAAA5rqn9tL0pWTcJkYIMUeOW_FDtr9dOT7-nsezVSxJWi8,,,7258313621229683493,7258313621229683493,
7260396491118232377,我也想不通，就像那个阴干，怎么知道要一年这么久啊,,24,2023-07-27 15:26:46,🌈冰燕🌈,https://www.douyin.com/user/MS4wLjABAAAAcqJ5CzBg3oj7JGMT7LIgUSZsm9YEA1JQgWFEhgguqnM,,,7258313621229683493,7258313621229683493,
7258331576681317154,我好奇的是另外一件事，第一个翻译的，他怎么知道对方说的话？,,45,2023-07-22 01:54:53,王熙儿,https://www.douyin.com/user/MS4wLjABAAAAikvl3Y7EBCit14FYl5ikRaKgbNXkd90cYbgQE5ZMvj8,wwqq1024,,7258313621229683493,7258313621229683493,
7258314415211496203,如果我说没这么复杂，会不会有…,,5,2023-07-22 00:47:22,裕,https://www.douyin.com/user/MS4wLjABAAAAuhEhIr_d7aRBr3yiHq6fHNFdrGpB3L8i-wMjAYJHPuU,,,7258313621229683493,7258313621229683493,
7265192232775664444,养胎吧，别刷抖音了，一会刷到弄刀舞剑的恐怕你都活不了了[泪奔],,319,2023-08-09 13:36:33,FT婷姐,https://www.douyin.com/user/MS4wLjABAAAARo-tY1fN-XsoiIZZ7ucZLwTt6PIas6bXWg5mJvP9syk,N986K,,7255005370526958392,7255005370526958392,
7254224561854661379,从冬田水到夏稻谷,,5956,2023-07-11 00:16:28,山白,https://www.douyin.com/user/MS4wLjABAAAA3PP9a3_6etLPCsan0Nx6hqZGLl512dQCeUE4v_GZJsdrYIvOVZcd0pIsQIkvDP9O,shanbai2023,,7254217963325752125,7254217963325752125,
7254289132650005285,龙泉印尼时间更久，老祖宗的审美才是高奢,,147,2023-07-11 04:28:18,用户3605184040356,https://www.douyin.com/user/MS4wLjABAAAAJLDGsLt26D7LPSY4akn1YffyMkYJZuegz23KIWb914L609wNJtRZR3gayDxyyn38,54797324719,,7254217963325752125,7254217963325752125,
7351351670368846630,我们之前去安徽宣城绩溪写生，去了正宗的墨厂体验做墨。跟博主的方法一样,,91,2024-03-28 17:59:07,这出戏我想结束了,https://www.douyin.com/user/MS4wLjABAAAAeop0MlZUBVOvzYYeM3U0V8OQwLG5VMX_0nR7tn8M43CtzV6Ut-Ov9-zK8QsjWcM9,long20030624,,7254394467314238243,7254394467314238243,
7254276838132843276,啊？因为这是浓墨啊，你要水水的多加点水调成中墨就好了。,,3185,2023-07-11 03:40:14,Inesistente.,https://www.douyin.com/user/MS4wLjABAAAAcXheQXlu-FD1us4DbevWiK3vEz8V_rX25R6mBb28-qw,DDDabingZi,,7254246254574093091,7254246254574093091,
7282674180490249016,这是我看到制作徽墨的第六个博主了，李子柒，南翔，彭传明，彭南科，鲁磊，山白，弘扬传统工艺，都很棒[赞],,59,2023-09-25 16:15:30,用户9875393078566,https://www.douyin.com/user/MS4wLjABAAAA6j9iFAommZOlsaoJkH7FiAK9C4jOe-U5ZwIHgVJfXC8,55515656191,,7254242440696070915,7254242440696070915,
7255295320806949693,李子柒不是那个网红带货主播七个柚子吧,,223,2023-07-13 21:31:23,小辣椒跳曼波,https://www.douyin.com/user/MS4wLjABAAAAvC7BrofuLiy_7vP44PNphBjIjuQBwKWXHENm1PEymJY,,,7254825511095321356,7254825511095321356,
7267737232915907391,不是，最早的拍我们中国很多古文化，比如织布、文房四宝、各种即将失传的美食、,,158,2023-08-16 10:12:36,碗碟🧜🏻‍♀️,https://www.douyin.com/user/MS4wLjABAAAAgDay3Qj4rfqVdjdyekjE8OgTvRe6TjvKv4sD-qOF5wy9_iTKqS8MXlaUFJ9VVtsq,pepsi_cola8,,7254825511095321356,7255295320806949693,小辣椒跳曼波
7280071568838263612,"常规的就可以了，没必要搞什么特殊的。
还是书法这种艺术类的东西，修身养性，不要特意追求物质，心性上去了，写的东西自然也就上去了。",,1901,2023-09-18 15:56:03,夜尽天明,https://www.douyin.com/user/MS4wLjABAAAAurmuHbtnPdVp1OzPd4MsQdh18QFXp0iQgJZqakyzOPEJmpFih2qAwqvqoNYsz45S,dy1eu5r6ivndj,,7254445550300545807,7254445550300545807,
7271611002696008459,制作时间2年[捂脸]，你觉得卖多少钱？,,1735,2023-08-26 20:44:37,李小爷,https://www.douyin.com/user/MS4wLjABAAAA-UHdXqvoIQ6McEUzVuLJ0J9T-FFVYt4dGC5M6aoQXAg,,,7254445550300545807,7254445550300545807,
7351027022694728458,标题说了，一两黄金一两墨，所以现在520一克啦,,724,2024-03-27 20:59:15,@多肉不是胖宝宝🐅,https://www.douyin.com/user/MS4wLjABAAAAU4iWL5l3eH3fWimqiODAKnDYRPA7CpuOwHowCmdWhfo,DuoRouMa.ma,,7254445550300545807,7271611002696008459,李小爷
7374743583556911887,能写就好，没必要较真，你写的书法不一定要流芳百世，一辈子就够了,,65,2024-05-30 18:51:38,紫微花,https://www.douyin.com/user/MS4wLjABAAAAPC3VZ3iU4KB3wjl7YCU882t_Nri9FGubnm45pLE3050,,,7254445550300545807,7254445550300545807,
7331384851909575435,不查不知道，我居然都关注了[捂脸]，还有个九月,,27,2024-02-03 22:37:36,品阁小四,https://www.douyin.com/user/MS4wLjABAAAAiqAXSme08WmfPdPnRxIYA-PqoTJYjirCdlhCvf5sqkk,,,7268901658993034024,7268901658993034024,
7280917973756805900,缺流量，现在都是机械化生产了,,6,2023-09-20 22:40:31,勇闯天涯,https://www.douyin.com/user/MS4wLjABAAAApbZYi_j6X-GnXPtQBVe4KdJyZNG8QWmH1VBb5UkGlW-mky4ZXAQneU_28qval2cL,hy419226,,7254606875333231398,7254606875333231398,
7255052501552137000,说的对，还得有人传承非遗，他们一个劲讨论挣钱[捂脸],,410,2023-07-13 05:49:40,用户5975410578175,https://www.douyin.com/user/MS4wLjABAAAA_knNH-ixtxULlrKSnbVy4DTZ-aeC_5KRAltnsgagCT4,88605989228,,7254340468363920161,7254340468363920161,
7254382923867390724,有个视频日本人做墨，下面一群人舔这是工匠精神，到自己人做又阴阳怪气的。,,703,2023-07-11 10:30:55,双,https://www.douyin.com/user/MS4wLjABAAAASukjhDNqXZl00WFRLWZ0_INrzuaAqNj8iTkYg4BJryQ,,,7254340468363920161,7254340468363920161,
7285983774637310732,这是比较清闲的一年，拿着斧头的才是费劲的[看],,476,2023-10-04 14:18:23,向往@,https://www.douyin.com/user/MS4wLjABAAAAnxt19qYrqAl6wtl49M26F2WDl6kkKKyvDQbs-3cKLAM,DNZBdNFAG,,7255566092508283685,7255566092508283685,
7273477248401113895,可能人家本来有就这个事业，只不过吧一天的工作量拍给你看,,28,2023-08-31 21:26:42,锋哥在努力,https://www.douyin.com/user/MS4wLjABAAAAWJzgTiZlBXsu4ALH_EqefKPWiQHAXk7RKe6bUrHIsA0,,,7266833671741981455,7266833671741981455,
7320390218464068361,我们能看到，是我们的荣幸[呲牙]我们应该要感谢作者让我们知道更多的中国文化，和中国的古工艺,,8,2024-01-05 07:32:54,云龙☞,https://www.douyin.com/user/MS4wLjABAAAAuazZRz_4HTyXE5ATvjmXBC0nHMjHecy16P0-mi2jR0o,,,7260813246654513920,7260813246654513920,
7260020090354123580,徽墨是古时安徽地区的一种制墨方法，湘西的土家人沿用了这种技法。,,646,2023-07-26 15:05:58,李菇凉ゆ,https://www.douyin.com/user/MS4wLjABAAAARAqwBZEyK5TTSmulsPCmuNm6kwiHe6QQ3LcZJ5jdxHI,,,7254507512523146043,7254507512523146043,
7261918631600472847,应该是徽州地区 笔墨纸砚最好的都在那一块 宣笔 徽墨 宣纸 歙砚 都在徽州那一块,,286,2023-07-31 17:53:25,雨轻弹窗,https://www.douyin.com/user/MS4wLjABAAAAlxgRjY_pAE231GvBjuv3qt_h29zn0l147-qHi6Sates,,,7254507512523146043,7260020090354123580,李菇凉ゆ
7255140424633189135,应该是阴干了很多也提前拍了视频,,89,2023-07-13 11:30:28,用户5807787090029,https://www.douyin.com/user/MS4wLjABAAAA44rWHiOs_UeVVfFBXYwDBC7BC2OCZ280qXpiFmgmDSMrlCyIwSrZqpN2EB6S0aM5,58059597396,,7255139708878062351,7255139708878062351,
7265703903864767243,有可能有不同批次，比如有刚刮下来的、刚熏好的、刚阴好的等等，可以在比较短的时间内把步骤拍完,,26,2023-08-10 22:42:10,莫邪,https://www.douyin.com/user/MS4wLjABAAAABPYhsoxX94m6JpYinjIrmaOQYNQHwLVXxylzet9VwL4,,,7255139708878062351,7255139708878062351,
7260531417251578658,我真的好怕他斧头咻的一下飞出去[泣不成声],,49,2023-07-28 00:10:28,用户5294028663619,https://www.douyin.com/user/MS4wLjABAAAASXObU3c7NjhDXZ6w0WUvPA7J-3L4-UMe4g_gDxvaeFW3k50EX6oGtAAomqJ-Y94x,44179733872,,7254218549002109757,7254218549002109757,
7274598992393175860,今日9.3己经962多万人点赞[赞]本人第一次刷到抖音这么多人点赞[呲牙][玫瑰][玫瑰],,5,2023-09-03 21:59:34,🙏🇨🇳❤️暖心呵护,https://www.douyin.com/user/MS4wLjABAAAAwieUkvKFLZ-om7geRs2cEzQq3DrtOmmQ8tXUNJE1uAK5o8tV-sje3dbI4t0xmk4w,52611249448,,7259018339787703075,7259018339787703075,
7256060580514186044,臭宝们，我来了。山林是个好地方被分家了都没人知道[暗中观察],,33,2023-07-15 23:01:04,香蕉香蕉不呐呐.,https://www.douyin.com/user/MS4wLjABAAAAu4Xn8N4rgHrdEy08JgFOT2lsT5LKuzA-KPEePq0I_NGKcAPlqXWqNBzERUmOjbub,dy5wcej5wb1v,,7254867300238918455,7254867300238918455,
7257802951887717179,隐居我喜欢[流泪][流泪]但是怎么生活，太苦了不行,,14,2023-07-20 15:42:27,倏窈,https://www.douyin.com/user/MS4wLjABAAAAgWQgjc6PfgrRFrLQQUtMAD3T67aKYpYlmBzYq-dCP4Iy36OUTW3FZf79_EQOUv7Z,xiaopixian521,,7254867300238918455,7254867300238918455,
7256342685022487348,我家就在山林，小时候确实有好多快乐,,3,2023-07-16 17:15:48,汤圆今日上上签,https://www.douyin.com/user/MS4wLjABAAAAlm7CE3j8ByweZ_MCuDQFyAHfsRYL9AvTUS7Fyqcdqco,Stacey7777,,7254867300238918455,7254867300238918455,
7256047329047888651,哈哈小时候的愿望就是可以一个人隐居山林,,2,2023-07-15 22:09:40,用户7216433949462,https://www.douyin.com/user/MS4wLjABAAAAnCkd4HO8RuztALF0GhNQV-FNNxZR7fkfQQFRN5uC880,42211497695,,7254867300238918455,7254867300238918455,
7254916277730394880,你直接来我这里，我家这里很视频里的风景差不多，很漂亮[猪头],,0,2023-07-12 21:00:36,gauge,https://www.douyin.com/user/MS4wLjABAAAAVBV8tkchSzCYGRwSGwbO3PE2m4rJUq6wcSk6_-CtCuU,,,7254867300238918455,7254867300238918455,
7270910858665952015,非物质文化遗产应该要传承下去,,27,2023-08-24 23:27:53,邱艳,https://www.douyin.com/user/MS4wLjABAAAAWQdOby1GhPLyeu9fX4b33e4uKojE5qRJx2kqPSCEdIbPrtsApLuO4oBh4TAuaO9y,28947751385,,7263318133367653156,7263318133367653156,
7254598274111554344,我不一样，我看你不睡我才不睡的[看],,12,2023-07-12 00:26:52,净,https://www.douyin.com/user/MS4wLjABAAAAOubsKpRuOVDykDTc9DcL0nRzMbhh6tUr362_0M5KgeoyaO7ry4k6OBUMF8VldEFM,BrantCarl,,7254300697885246267,7254300697885246267,
7254403804137243444,昨晚追剧到五点多，八点醒的，一直刷抖音到现在一点困意都没有[泣不成声],,6,2023-07-11 11:52:00,-不晚,https://www.douyin.com/user/MS4wLjABAAAA9PNUJxkkAUEi59KP5Wf5p5Q8dXtFPJqIeDsNp9IU_d0,,,7254300697885246267,7254300697885246267,
7254419775085642557,不，不一样，他有人陪，你没有,,4,2023-07-11 12:53:55,湘M8,https://www.douyin.com/user/MS4wLjABAAAAgXjIcP-CrkQdk1-PUKgblaSIIK8Sroeq5HTqNzsY1AI,,,7254300697885246267,7254300697885246267,
7254328699263550220,你是赚钱一晚上，他是生活一晚上,,2,2023-07-11 07:00:38,顼壹,https://www.douyin.com/user/MS4wLjABAAAAVbnrZncEZGqyga5IivxMLL7Kzxw_1jApfiwbO-zhz7UZM06sdTyMTsYMu442LR1y,Shus168,,7254300697885246267,7254300697885246267,
7254309590019556151,都别睡了,,0,2023-07-11 05:46:44,🌈胡大大🌈,https://www.douyin.com/user/MS4wLjABAAAAz7AF6fz9GJptUPVmkkq871Z7FibuMxtCA1LgVD6X_kQ,Hu88688,,7254300697885246267,7254300697885246267,
7278285960361427749,是的[呲牙]但是并不贵，小墨盘三块，墨笔才两块钱，不知道现在啥价格,,4,2023-09-13 20:26:55,社会需要正义,https://www.douyin.com/user/MS4wLjABAAAA7Cn6L87yE9dgYdzuWzPOoGzXIM4OEq6FboXq9Rj07SElpfQoIJZaMnyfoi-f9Sn3,wangyoucaohu27,,7278240788121895739,7278240788121895739,
7279235984796304167,以前一天才挣几毛钱几分钱，我爸妈说他们那时候记工分，一天最少的才几分钱，三块钱在当时很贵了吧。,,3,2023-09-16 09:53:33,一帆风顺的家,https://www.douyin.com/user/MS4wLjABAAAA4zfsVv36y6YgHieU8-zlG533cI1IZZCs4PkkD_VAT54,zyl56159694,,7278240788121895739,7278285960361427749,社会需要正义
7269691911584793381,这种没事1，我老家好多人这么做,,81,2023-08-21 16:37:40,a sell girl,https://www.douyin.com/user/MS4wLjABAAAASXVBCsFNMwzsLU5UUxJgBwtKkqgkA9GLNcrftOt7DZ0,,,7254247384590779193,7254247384590779193,
7273836668578382648,各树有各命，实现了自己的价值,,37,2023-09-01 20:41:26,流浪地球🌍,https://www.douyin.com/user/MS4wLjABAAAAO6L9rHzFN7jznvJOTfMw9voLdeq9T4Hez3vnVnAl0mCpqCj2QgfFyKu4LkoRTuU8,www669963,,7254247384590779193,7254247384590779193,
7273875870686593807,它们有价值，活不了也不会灭绝，因为会有人一直种，就像猪，活不了多久但是一直有人养。,,30,2023-09-01 23:13:35,用户0084531618358,https://www.douyin.com/user/MS4wLjABAAAAb33AnKJHTJrCBxVFKxzH-uP2CN2ZiKHcxT0XuaNVOag,26890009051,,7254247384590779193,7254247384590779193,
7286541526192390972,你别吃东西了，你吃进去的东西都是有生命的。,,3,2023-10-06 02:23:51,三.壹,https://www.douyin.com/user/MS4wLjABAAAAPov1BFpVIkdl-KAWFruZYiezDYrOgpme6_MtkjT5DDA,,,7254247384590779193,7254247384590779193,
7254357790575592192,中国很多奢侈品都是要很长时间沉淀，精工细活慢慢做出来的，所以都不是我们普通老百姓用的起的，花的时间，费的心血都是用价钱很难去衡量的,,46,2023-07-11 08:53:32,左手淡淡烟草香,https://www.douyin.com/user/MS4wLjABAAAATyCP_lQMwh5E-YTlRJ2G36PX3sXh9rg9mDDq9p7v_Qw,,,7254333067384865548,7254333067384865548,
7266311281270244111,三年县知府，十万雪花银。这都买不起徽州砚？,,1,2023-08-12 13:59:07,粥盖饭,https://www.douyin.com/user/MS4wLjABAAAAT2n1MBS1_0du0IeD-pN2_ym6fFgIHS14kaQuHk4aL75LzN3IoFdyolc9XdDo3uZH,83460958469,,7264944319186109240,7264944319186109240,
7266731026348950330,你说的是贪知府 人家说的是清知府[呲牙][呲牙][呲牙],,11,2023-08-13 17:07:58,隔壁老潘,https://www.douyin.com/user/MS4wLjABAAAAY04PBF3aTbR7IrcxSzntcKdBq-sZ-6SJJh496EjEbcc,,,7264944319186109240,7266311281270244111,粥盖饭
7261437783125459749,中国人的智慧是全球的顶巅存在。,,93,2023-07-30 10:47:25,茂名十一哥,https://www.douyin.com/user/MS4wLjABAAAAvO08TJS-WQ0um6EshAogdtmFvYzPyNvbLnYpVJMuY7E,,,7255493494898213673,7255493494898213673,
7265237777767400226,[吐血]咋的人家没有库存啊人家就做那一波？？？,,4,2023-08-09 16:33:30,一加五,https://www.douyin.com/user/MS4wLjABAAAAcDo3idiU6Q5D04scOrkmu7BkrRpVaYUWs8sXpXnm38o,dyyjwnb666,,7254229920166511417,7254229920166511417,
7323821909677490982,问题来了，视频开头的是什么树,,4,2024-01-14 13:29:34,平者为海,https://www.douyin.com/user/MS4wLjABAAAA34IyxvGnqvN8qriPsVYjaET_m4FUkCkTa7TpNyjRxiQ,,,7255045768611693323,7255045768611693323,
7254431925351039804,哪一步都不行，机器能去取胶？能去调制配料？能一点点扫烟灰？除了捶打那一步可以勉强找机器替代,,40,2023-07-11 13:41:03,躲躲是只猪,https://www.douyin.com/user/MS4wLjABAAAABFWZ2SeFSn8hIrmHEDDyBqLlh_5TpYhK_vkR3tms-ms,,,7254430019949183799,7254430019949183799,
7379638794801283878,取灰完全可以机械化，而且量也大。人家追求的是纯手工而已,,0,2024-06-12 23:27:37,很厉害了,https://www.douyin.com/user/MS4wLjABAAAAEFkfPRAGVX6bRtnd3wUJHGMmquTzcB0VJsK_e_Uz5iI,,,7254430019949183799,7254431925351039804,躲躲是只猪
7254478947580625679,手工的会根据天气、环境、状态变化而变化，就像炼制铁锅一样，机器砸出来的比不上老师傅手上砸的。机器是一种死的不变的，做出来的实用效果更好。师傅的手是活的思想是活的，每一件成果都是独一无二的灌注心血，灵活精细，是艺术品。就像妈妈炒的菜，明明调料都一样，过程步骤都相差无几，但是就是一下子就能尝出来很大的差别。,,29,2023-07-11 16:43:37,云囡,https://www.douyin.com/user/MS4wLjABAAAAn3UzDQQ-RCWTP6NP1rc_Uxtx3WAmx7CIqok5S9qurl01vxHoWuhPM8FzWwRvg-RU,62487971623,,7254430019949183799,7254430019949183799,
7254473334745940768,这卖的就是这份手艺，跟奢侈品一样的，这个就是我们自己的奢侈品，大几万一块呢，你要说用机器，那我们的那些国礼也可以用机器，那为什么要用手做的呢[黑脸][黑脸][黑脸],,16,2023-07-11 16:21:48,Aelois :)（活着微死）,https://www.douyin.com/user/MS4wLjABAAAA3kiF5o3a7DGFoEDamf7LigJoJ1dn3ZkVgf4svf8udUjkt__R_BqRMDlXa6uQsV3B,27589563230,,7254430019949183799,7254430019949183799,
7254477413194040067,你猜他为什么这么贵,,3,2023-07-11 16:37:33,婪释,https://www.douyin.com/user/MS4wLjABAAAAksyySsCbanJXFRBDzhpBtVzZPXenPZ_fcMSqtxIWFOwGgOWlxczrurZ0TMi0OF7M,yuluo55054,,7254430019949183799,7254430019949183799,
7254430947365503800,这么大的商机你还不赶紧去干,,2,2023-07-11 13:37:18,山间便利店🐥,https://www.douyin.com/user/MS4wLjABAAAApTRIAn5b8tkjj_t9Jo46ESztjl9ossI5-A57UgrH2aY,,,7254430019949183799,7254430019949183799,
7254475093249327924,淘宝的就是真的？真的古法你淘宝买不到的，挂着名号而已，又不是真的古法,,1,2023-07-11 16:28:36,别抢我雪🥤碧喝,https://www.douyin.com/user/MS4wLjABAAAAsQGGnBq974PS49cpuob52PDmG9VLcM_nhMeroX1TERw,,,7254430019949183799,7254443614763598604,cat mario
7254461290515661580,讲不过你就说你讲不过，又扯什么别人的思维怎样怎样，你思维好你讲出个一二三啊 [呲牙] 你连思维不好的都讲不过那你的思维？？？战斗力太低了吧？ [呲牙],,0,2023-07-11 16:11:18,cat mario,https://www.douyin.com/user/MS4wLjABAAAAebI6TLyECfNZOoqoTHRGv4h_XvDPOnUMP0--qIWgZ77w2C8nVs48QltXqGGbX8tb,catmario5010,,7254430019949183799,7254469645155271484,何包鼓💰（瘦到95斤！！！！）
7254469055473091388,理论上说你可以不吃饭，医学用营养针可以给你续命,,1,2023-07-11 16:05:09,雉水白泽,https://www.douyin.com/user/MS4wLjABAAAAPLmb_LOW_w3bXvLUvDAufGIwyIJha-kX9HBRLJ9r6z0,,,7254430019949183799,7254430019949183799,
7379149538844492581,奢侈品卖的是牌子，这东西成本就是奢侈品比不了的,,0,2024-06-11 15:49:03,刘培强,https://www.douyin.com/user/MS4wLjABAAAAqCI_kXxH31LyJXkv6hQt_YbwPP7L8xH_CSRm29O4jy8,,,7264345612426117925,7264345612426117925,
7264599798656172855,别的奢侈品努力一下还可以想想，咱们中国的奢侈品不敢想[捂脸],,3,2023-08-07 23:17:37,悠悠贝贝,https://www.douyin.com/user/MS4wLjABAAAAlCjJ5N--t_jxPg2OZwCkiD0ZuRd1fJ8RbukrHZekdbymlWTIitJgfltWHyGkXiYc,42728973099,,7264345612426117925,7264345612426117925,
7333088711901594407,他这个用料比较讲究，一条估计几千块。,,72,2024-02-08 12:49:30,哲哥,https://www.douyin.com/user/MS4wLjABAAAAM8A5US1BPel4eVKXchfliennnRO5MhA_O6upeG-blN0,2085119213L,,7331619618840167231,7331619618840167231,
7339522858018947879,各家有各家的秘方 工艺材料手法的不同价格也不同 几百到上万 顶级的品十几万也有 关键还要提前预定 有的你过一两年才会拿到,,1,2024-02-25 20:57:16,Vector,https://www.douyin.com/user/MS4wLjABAAAA69l7cMSL3Nh4_vGuVblnQIo56UoxUXHfDzRffpJDgXI,,,7331619618840167231,7331619618840167231,
7309871860702315273,很多人过敏这个树，感觉10个里面有9个会过敏,,4,2023-12-07 23:16:15,Dsq,https://www.douyin.com/user/MS4wLjABAAAAw3KH_bNp9x_d8qx--vT7JDeteO_ehRwIhQW7nn4vKMNwKy_yOIvLukIGfltKUIud,88630299170,,7295685915573732115,7295685915573732115,
7281670253075202877,后面写的有啊，长时间不掉的，存储时间长,,26,2023-09-22 23:19:50,小猫财神（倾述屋）,https://www.douyin.com/user/MS4wLjABAAAAV5dWi6qCWEarK8tCm3jenW5-kR0_PPZwSwnQY2-ie_k,52369874125.,,7281294716665365259,7281294716665365259,
7254320447704875831,已经点了一份煎饺，还有一份扁肉了[猪头],,2,2023-07-11 06:28:42,Ary,https://www.douyin.com/user/MS4wLjABAAAAYV6kYQ1GERhOmmIhzwVn9AgCwgG9NlHkiNb_YmHT93J8PNtPwd3S1hp9KJzAycvn,75041917359,,7254301608795849472,7254301608795849472,
7254306572553323303,刚吃了一个麻球一根油条一个糍粑一碗豆浆,,0,2023-07-11 05:35:16,蓝桉,https://www.douyin.com/user/MS4wLjABAAAAvICzWPLHePUfVnmKBYwem3PcXaydHVPtSW4zclxGB5ceHURk43L8i7ZHJnJRu5Lm,miss.you951025,,7254301608795849472,7254301608795849472,
7254306623345787708,请问我北京都能吃到你们广东的早餐吗[流泪]我的朋友[送心],,0,2023-07-11 05:35:10,薄荷巧克力⁵²,https://www.douyin.com/user/MS4wLjABAAAAunU0BfL_NbxYrcNsFgLyrSD4Y388EHIWN-FHPycwViEbQIptecUAOFkueojG2jhB,Omega_502,,7254301608795849472,7254301608795849472,
7254317944032969475,吃啥[看],,0,2023-07-11 06:19:09,羊羊羊,https://www.douyin.com/user/MS4wLjABAAAAueZdRc-d6dOi0aVhhKJ6KIDJG2YlYRkhIu1WQjGjSWUBXRTf_A0fsKWonhMHcENo,58974282448,,7254301608795849472,7254301608795849472,
7254314003908281128,没空在睡觉,"['https://p3-sign.douyinpic.com/tos-cn-i-p14lwwcsbr/26dbcc511c5b4b9aa2d117743e8509b8~tplv-p14lwwcsbr-7.image?lk3s=7b078dd2&x-expires=1737054000&x-signature=6mIvpvhlnzudaIpouMwYB138SFY%3D&from=2064092626&se=false&sc=image&biz_tag=aweme_comment&l=202501160245023D962ACD8788BC3C140D', 'https://p26-sign.douyinpic.com/tos-cn-i-p14lwwcsbr/26dbcc511c5b4b9aa2d117743e8509b8~tplv-p14lwwcsbr-7.image?lk3s=7b078dd2&x-expires=1737054000&x-signature=oAeCG6KNlBmEMA6OmJFfdhUIOMc%3D&from=2064092626&se=false&sc=image&biz_tag=aweme_comment&l=202501160245023D962ACD8788BC3C140D', 'https://p11-sign.douyinpic.com/tos-cn-i-p14lwwcsbr/26dbcc511c5b4b9aa2d117743e8509b8~tplv-p14lwwcsbr-7.image?lk3s=7b078dd2&x-expires=1737054000&x-signature=9S62aF5TPllQKWcuPTe%2BFgXqilE%3D&from=2064092626&se=false&sc=image&biz_tag=aweme_comment&l=202501160245023D962ACD8788BC3C140D', 'https://p3-sign.douyinpic.com/tos-cn-i-p14lwwcsbr/26dbcc511c5b4b9aa2d117743e8509b8~tplv-p14lwwcsbr-7.jpeg?lk3s=7b078dd2&x-expires=1737054000&x-signature=1o35FlyLzV3vIWIv78goUtRYLMU%3D&from=2064092626&se=false&sc=image&biz_tag=aweme_comment&l=202501160245023D962ACD8788BC3C140D']",0,2023-07-11 06:03:55,-1不是1,https://www.douyin.com/user/MS4wLjABAAAANwJ8L19U530-wtxFOVGhWRVFtzMdV5SjkEcRwKGJNhw,,,7254301608795849472,7254301608795849472,
7259067535655519031,提升墨的墨色、光泽和细腻度，并且防蛀防腐。其次是麝香有特殊的香味，类似定香剂。,,66,2023-07-24 01:30:15,这号算是练成了,https://www.douyin.com/user/MS4wLjABAAAAsEQl3kzgaOwWLmDJIr2nOMQJdxubxiou4fnrxK2Xg81nICZuhIXpZF1X6Xenk9lg,Expelblacks,,7259059515114046269,7259059515114046269,
7267218426765525801,我觉得各有特色都挺好的，其实不用一捧一踩的[呆无辜],,14,2023-08-15 00:39:27,用户6870549012852,https://www.douyin.com/user/MS4wLjABAAAAmtOHsgfeXiVCuIb3pC6TP29Sc7twN2OsAMfdCQPN_PHyuxvqMTxe6vRbkAO74ZHA,72210020389,,7267178017137918754,7267178017137918754,
7279920640667976484,你咋那么实在呢，他只是告诉你流程，拍的时候选择已经上一批阴干一年的不就行了,,33,2023-09-18 06:10:46,🥀细水🌿长刘🍓༻,https://www.douyin.com/user/MS4wLjABAAAAxOWVZ2eLt0JXjaPj7E2TPQ_Ng4KmbfiTPvaszp2bzQU,,,7258313854987633464,7258313854987633464,
7255080875717067577,我比你醒得早多了，那钱不钱这种事不是我考虑,,1,2023-07-13 07:39:30,一个痴迷于数学的孩子,https://www.douyin.com/user/MS4wLjABAAAAhkf4mirMhH7ZL62DcWsJvOOk-0oni04M3lVs_szozIkuwBWyh2VNgcbS15bKHj6e,Xiongcy2010,,7255020019234227004,7255020019234227004,
7255035979072045860,选择大于努力，平台很重要，要自己为自己赚钱,,4,2023-07-13 04:45:51,用户3417620461215,https://www.douyin.com/user/MS4wLjABAAAAQzwqomkamkSF1DEOeqke-HAOpuUZT2pYQ0X88z15YM8UjSaVSpf_gpswqs8aboof,68384194464,,7255020019234227004,7255020019234227004,
7255952969127494415,我也是，看个视频提心吊胆的[泪奔],,4,2023-07-15 16:03:34,星辰DAYTOY,https://www.douyin.com/user/MS4wLjABAAAA61fMJ-MM9gqnF4Kk8tpOMk9d6McV3PWMzaRdb3kLJm0,xingchenDAYTOY,,7254228605387113256,7254228605387113256,
7254552851585516346,不要拉屎，屎里的细菌会因为你拉屎而大片大片的死去。整个你大肠里的细菌国度甚至某些细菌文明都会因你而忘，所以不要拉屎！不要拉屎！不要拉屎！[吐舌][吐舌][吐舌],,65,2023-07-11 21:30:17,JINGZHE,https://www.douyin.com/user/MS4wLjABAAAAOL36La0xKIs7BC0MjNRHyay7LZoATPY8Adf5XPj6U6E,,,7254393426627806007,7254393426627806007,
7254517860969759545,你吃菜吗，你吃过韭菜吗，吧拔过草吗,,16,2023-07-11 19:14:34,留白,https://www.douyin.com/user/MS4wLjABAAAAFBePTJS7YfRP1_Decl8LLs-soCqXV6pL1Zvqq3-WS40,,,7254393426627806007,7254393426627806007,
7254434176921223951,太疼了，你买的羽绒服，为什么拔鸭子的毛，鸭子疼不疼[流泪],,11,2023-07-11 13:49:52,想吃鱼丸,https://www.douyin.com/user/MS4wLjABAAAANKVm1lAnxAyvoLdj1Ix0bYBF_16ISheRWPX9r4oyWRE,sen_ikyan,,7254393426627806007,7254393426627806007,
7254472213348172576,你要不去问问 在它的耳边轻轻说你痛吗,,1,2023-07-11 16:17:26,月亮.🌙,https://www.douyin.com/user/MS4wLjABAAAAz8no_W0UCQObTAlvsFvumIOTvDn6yKQ3aGX1PfWJz3Q,,,7254393426627806007,7254393426627806007,
7254888905466610472,找到狗了！[勾引]嘬嘬嘬[勾引]嘬嘬嘬[勾引]嘬嘬嘬[勾引]嘬嘬嘬[勾引]嘬嘬嘬[勾引]嘬嘬嘬[勾引]嘬嘬嘬[勾引]嘬嘬嘬[勾引]嘬嘬嘬[勾引]嘬嘬嘬[勾引]嘬嘬嘬[勾引]嘬嘬嘬[勾引]嘬嘬嘬[勾引]嘬嘬嘬[勾引]嘬嘬嘬[吐舌],,2,2023-07-12 19:14:20,昔交,https://www.douyin.com/user/MS4wLjABAAAAocbbLXJhzqJ14XMXKQdEi5T1EnNEL-j6phohcFwpaiM,xijiao119,,7254393426627806007,7254393426627806007,
7254547819271799591,吃了那么多感冒药，杀了那么多病毒。你可怜可怜他们吧,,3,2023-07-11 21:10:44,贺贺别睡了,https://www.douyin.com/user/MS4wLjABAAAAi2BowxTZzOxvuK8BbYg2ceK_AZ1iGDgFtsqM8AKD-mY,,,7254393426627806007,7254393426627806007,
7254521571313566525,以后你别吃菜了，菜拔了也很疼的，你吃菜该多么残忍啊,,0,2023-07-11 19:28:56,Dong。,https://www.douyin.com/user/MS4wLjABAAAAKn9FaxRWF-huqziKbP63SfbO3PbyS-HfFQwqwM8uRJU,8888rrr,,7254393426627806007,7254393426627806007,
7256412595032195875,宝，是不是你网卡了，我这里看着是605.6w,,47,2023-07-16 21:47:04,是小舟呀,https://www.douyin.com/user/MS4wLjABAAAAZoYt-TKXbtmugkdnFYhP4t_uBTTGVsUVOv449hDvTBsuKi8lyxQENPBfWaLLdkvt,57634283673,,7256411955542524726,7256411955542524726,
7280867811479683855,我们对这行不熟悉，应该传统工序如此，总不可能做累了找理由休息一年，哈哈哈,,2,2023-09-20 19:25:53,南柯一梦,https://www.douyin.com/user/MS4wLjABAAAAfkU7QS85HouVF0Lp-v6ubBUTzpVmbqgHkvcA4EmlFYSaYE4kCbAULypPfBvtP2CZ,dy8l15jj439s,,7258951151624995644,7258951151624995644,
7285750330511360803,要不怎么古代读书是一种奢侈行为呢[捂脸],,3,2023-10-03 23:12:35,见龙在田,https://www.douyin.com/user/MS4wLjABAAAAGeyQzzU4HkHgHLIxwkJtHPIhRcY8WK7styrX38EzkC4,eric88001999,,7258581466606584633,7258581466606584633,
7283922550919562041,厉害 连字看起来都感觉要疯了的样子[快哭了],,19,2023-09-29 01:00:03,御康 康康总,https://www.douyin.com/user/MS4wLjABAAAA7utmMw6_UjBNQwSiMOrM_QlOt3Yh8FWwghxAyLt2n8c,52674848514,,7256233091261170495,7256233091261170495,
7267537654429860623,因为斧头受力面积大，没锤子重,,17,2023-08-15 21:18:01,有壶常伴就好,https://www.douyin.com/user/MS4wLjABAAAAaH1TLw_5LGapAG467iGJlJDmwz6uGt_eNUFU0lmiCZM,,,7264543534216659771,7264543534216659771,
7284175252506477364,那为什么不前头带个扁铁块呢？[思考],,5,2023-09-29 17:20:32,恋枫无涯,https://www.douyin.com/user/MS4wLjABAAAAOd1kxFWk8gtL9071fjbAn1munJHT8dhH2Q-msZBChzBf0Ds2KFX4FUjQWNptNk-K,,,7264543534216659771,7267537654429860623,有壶常伴就好
7261808873055798051,墨子，毛笔，毛头纸，写的房产证，地契，几百年都不掉色，现在电脑打印出来的字，慢慢就看不清楚了[凋谢]还是古人的东西[给力][给力][给力][给力][给力][给力],,9,2023-07-31 10:47:24,，,https://www.douyin.com/user/MS4wLjABAAAAGJ_jDxhVa7ImmDOFOcYxeaIMw5RpwYefbgqluTJeJ2Y,,,7261504523150705419,7261504523150705419,
7254917744847422263,看了下你的视频，哎，榴莲得多疼啊，还有各种蔬菜，哎，你怎么忍心的呢？,,3,2023-07-12 21:06:15,乘风起↗,https://www.douyin.com/user/MS4wLjABAAAAiAhl1qvt9lWHl72-WyCkp_tt-OpW-99i-GcLjRWNfM4,ABLAGF,,7254749834283549495,7254749834283549495,
7254911575360979775,你是荒漠里造林的？还是植树过？当什么大佛,,0,2023-07-12 20:42:17,🤪🇵🇸,https://www.douyin.com/user/MS4wLjABAAAA5UlYqVWQcwsMNlBDhsR4A4Tm3fxPXJ-9cTaoJMg7Nki-CRDkia1QUesOa6NONf7C,KR779181213,,7254749834283549495,7254749834283549495,
7272404181742011173,速度太快，工人赶不上，就会变成烟灰中的下等品[干饭人],,36,2023-08-29 00:02:48,小鸟游星野,https://www.douyin.com/user/MS4wLjABAAAA6hqzWtmjYwrAzq7nKQFf8gox-2ymPFTTxnWhLwnPqgg,40022422492,,7258600190801707816,7258600190801707816,
7273172809974727483,世代相传经验改进总结出来的，不是一下子想出来的,,2,2023-08-31 01:46:10,用户6218811560875,https://www.douyin.com/user/MS4wLjABAAAAufJXcn11df-gLRQeE_4OfaZFzdZaiWRPPXKimzdT508,37959654095,,7271117716093354793,7271117716093354793,
7259418164227195660,人家就是做这个的，拿去年阴干好的来做就可以了,,1,2023-07-25 00:10:26,萱萱.，,https://www.douyin.com/user/MS4wLjABAAAA8wueW5TVNvwtfG0pq2Qh6WyFSIEXendXX63BrPkzwv0,28457418635,,7259277202427937576,7259277202427937576,
7259399794530796307,人家年年做，那去年做好的来拍啊,,2,2023-07-24 22:58:57,我媳妇、我惯着,https://www.douyin.com/user/MS4wLjABAAAAeNXKlWrkGlzaCa-AgaKj0HaSAlLd0NSbz9MNRyDZZ4xBEdUwNr8teOY6ZUcPmocJ,dy10n3x9mo7xa,,7259277202427937576,7259277202427937576,
7277573211201372928,此时主播大手一挥，来我直播间，只要这个数！[泣不成声],,0,2023-09-11 22:21:07,丨清风无痕丨,https://www.douyin.com/user/MS4wLjABAAAAtZ1IxXe0Unx5wGvMOiHuKcbc9ZY48set72ZqIL3QD4KYqAtAAmOwVnvSrTQhrKmJ,zhq1522,,7259266456091968271,7259266456091968271,
7264175159736435456,还要传承造机关，医术，易学，谋略，战术等保家卫国的这方面,,4,2023-08-06 19:49:53,宝宝@文仔,https://www.douyin.com/user/MS4wLjABAAAAU2q8u7vA6BlXju19j0iTNcNFdcghe60bKN7NmRUDL6Y,dy89.89.89,,7264107917161497379,7264107917161497379,
7264215558650888995,不是节奏快才可以看太多景色吗？[暗中观察],,2,2023-08-06 22:26:32,哇咔咔的昕小宝,https://www.douyin.com/user/MS4wLjABAAAAKef06uK2vGABgjcUI7AjPiRPLxjtHlmtQJydT2VKRY0,,,7263842085621547828,7263842085621547828,
7310099037737354019,这个一支卖1000，估计也有人争着买,,3,2023-12-08 13:57:49,左和右,https://www.douyin.com/user/MS4wLjABAAAAH6L-bwjL4jC0FZL0McnJ-Ia5O9WAeFx54UhYggjg9lg,zwz2311253635,,7291876392442053411,7291876392442053411,
7261167340276024118,你如果能像他一样用心做事你也可以[我想静静]别这么酸,,0,2023-07-29 17:18:02,冉妮米克,https://www.douyin.com/user/MS4wLjABAAAA5Lwt9fSKoTPOrX5-re9Jaby-hMRgNtq7qGJU4xUFz9g,,,7260200414901322531,7260200414901322531,
7261248694623060776,短短几个月从一条新号到这个粉丝这个点赞数量，可不是区区“用心”就能概括得了的，啥都不懂出来当什么显眼包,,1,2023-07-29 22:33:35,AkaSheepBB,https://www.douyin.com/user/MS4wLjABAAAArnCWDGVFEaValo0pGlzV-prDxDriqQ6uUWtLzEQ4u5Q,,,7260200414901322531,7261167340276024118,冉妮米克
7309237841480041216,烘干温度太高，质地没那么好，也容易裂,,32,2023-12-06 06:16:00,安然,https://www.douyin.com/user/MS4wLjABAAAA1hWxtwPV-lmni9BTFz06GNhHpqk7X4D92jTR2g8bsQo,SJ582094614,,7303069116575056675,7303069116575056675,
7273907816253899532,人家不卖[捂脸]只是宣传一下古人的做法而已,,11,2023-09-02 01:17:53,花织,https://www.douyin.com/user/MS4wLjABAAAAsUWEmf8UfbyUWuDp1jLKNWFLiUAeo5zaA-h2UR5PlZEpcSKoMEZrEaXxNQ4y0IFT,ToeS.Jun13,,7271931953413653309,7271931953413653309,
7286816348171338511,@MR-白冰 去看看白冰，一千万的多的是，这算什么[尬笑],,2,2023-10-06 20:09:08,用户6958165373613,https://www.douyin.com/user/MS4wLjABAAAA-hxomJrC2EzWocJDcF3riY7r8WIwL6BtFrECwp8UZeKZrS4ewgLH8rp1agUqxTnW,25046598132,,7286500468636615463,7286500468636615463,
7259300271351694080,[泪奔]一般人买不起[泪奔]这是中国的奢侈品,,2,2023-07-24 16:32:48,喵了个咪吖,https://www.douyin.com/user/MS4wLjABAAAA_JkMKwGe-ds__pU3SWwOXxvHyhY6WXo2s3U44LtFs8M,miaolegemiya54,,7254221028536566560,7254221028536566560,
7279579131527414568,很多工艺可以改善的，现代文明应该去加以改善，而不是还原古人低效率的工艺,,4,2023-09-17 08:05:15,曉人物哦,https://www.douyin.com/user/MS4wLjABAAAAx-MFyH2IpQoXIzDVN-gaIZbVAH0IlG5IivL-h-Shyps,,,7279274665867281192,7279274665867281192,
7278210468832215808,这一块墨能制作出好多好多瓶墨水,,5,2023-09-13 15:34:02,佑👣爱,https://www.douyin.com/user/MS4wLjABAAAAMC3mNfTQIhvuO6nKsyFJqicg-2XShwk64iPpsrb67_M,,,7278184756695794444,7278184756695794444,
7274156442020938533,所以古代读书人尤为珍惜笔墨,,1,2023-09-02 17:22:17,平安,https://www.douyin.com/user/MS4wLjABAAAAWQaDvQv69AjByvDJeFFfApSAyZKyGcnwPii8kz5N_R0,L88888888888888c,,7270517027444572940,7270517027444572940,
7262987248001696553,墨 古代研磨出来写字的 我看古装剧里就这么用的,,2,2023-08-03 15:00:21,捉刀客,https://www.douyin.com/user/MS4wLjABAAAAIoQOgPq9lYmqc2ddTuU5TAo6kW_GSDtADNwadNY7Vto,sm00618,,7262140028209136424,7262140028209136424,
7262267647768167208,一代代传承下来的，像以前很多手艺都是能保证一个家族兴旺的[呲牙],,5,2023-08-01 16:27:42,舞彩•秋风,https://www.douyin.com/user/MS4wLjABAAAAlkoQRYBOsCWlEgt3gLzIi_U-bZihmLTQFw3OV7MJU7Q,,,7261881017400509224,7261881017400509224,
7259267029096760120,？哈你知道这是啥墨不知道？,,3,2023-07-24 14:23:45,用户9591690032522,https://www.douyin.com/user/MS4wLjABAAAAH0JGRt_nFO7A1fN_C6XDKzM6CKdM4jtPQnNG-PVbM-gPeyOOnbN5qsSzj6bQy48Q,dy8qo8ffn8ft,,7259266486815949624,7259266486815949624,
7263782243586999101,漆树，人的任何处皮肤接触到都会起疙瘩，痒的想扣掉那块肉一样。割的地方划口小，不会伤树，除非沿树的直径割一圈树才会死,,5,2023-08-05 18:25:07,沙海拾尘,https://www.douyin.com/user/MS4wLjABAAAAeCrbOSH1VF2otwCEOhbZZAeDC28vHsNVY30JkZhfV3M,,,7262322690962424610,7262322690962424610,
7255865180998353727,别吃菜了 菜摘下来也疼 别吃肉了 杀生[暗中观察],,9,2023-07-15 10:22:54,默、默,https://www.douyin.com/user/MS4wLjABAAAAeisC6c1p_sdP8-PuyG8DWVRcU3tLLoCWDnQZ_lHlg9w,,,7255864087175283519,7255864087175283519,
7255927496402993961,哥们 学点东西吧 植物没有神经系统 不会感觉到疼得,,8,2023-07-15 14:24:44,epape,https://www.douyin.com/user/MS4wLjABAAAAYcMM9r4_zg0N2g5TCiy9Wca0wNaKGBhdyMXvfQP3Kkc,2want4897426,,7255864087175283519,7255864087175283519,
7254223417317360396,做墨条的时候，家里到处都黑[偷笑],,16,2023-07-11 00:12:00,山白,https://www.douyin.com/user/MS4wLjABAAAA3PP9a3_6etLPCsan0Nx6hqZGLl512dQCeUE4v_GZJsdrYIvOVZcd0pIsQIkvDP9O,shanbai2023,,7254219989820064564,7254219989820064564,
7262785222684115731,你连几分钟的耐心都没有吗？,,13,2023-08-03 01:57:12,🦢戏梦人,https://www.douyin.com/user/MS4wLjABAAAAYKUy4z2VBD8S-XnqvUPkYhK8s6k6Ng4pdHIRLthc-VA,,,7262353099489149708,7262353099489149708,
7261225798165742393,用来出魔的，很方便，古人的取墨写字的,,3,2023-07-29 21:04:46,不蒸馒头争口气,https://www.douyin.com/user/MS4wLjABAAAAsnByDaBAKPaF-WItAdvD4Bm34z92ht5WxG2W2h_1KLy3V4qRo3HyoYkzJf7JyPay,40819787084,,7261032913138484028,7261032913138484028,
7279309956107977511,[抱抱你][抱抱你][抱抱你][抱抱你][抱抱你],,0,2023-09-16 14:40:35,霞姐🧚🏻‍♀️,https://www.douyin.com/user/MS4wLjABAAAAiZwk7s2IAyoB3GmCikmFhjY7Pc7GpwFyGWGQ70GshNM,39059958886,,7259143710653317929,7259143710653317929,
7259310857665610555,这个是别的品种的墨，不是徽墨，作者是湖南人，打徽墨的标签只是让你觉得不是什么廉价墨徽墨的手艺不会传给外省人的，而且徽墨很早就申遗了,,0,2023-07-24 17:13:52,向往和平,https://www.douyin.com/user/MS4wLjABAAAAqYkSS1tBSw7W2V-u6jPPODfGmtl0VtdAjo5WYvgWs2E,70586621584,,7259003475983516427,7259003475983516427,
7267596124180316986,南开大学就要送你吗 人家耗费这么多时间精力 送你 你也说的出口[捂脸],,89,2023-08-16 01:05:09,紫藤花,https://www.douyin.com/user/MS4wLjABAAAAcGI9_-jeNQjdqoXV-duQom-XliEtQ1D1AMCaZoS-gLI,XL94876,,7267383019798840121,7267383019798840121,
7260898941926933287,人家专门做这个几天就能把一年的视频做完。每天都有新的，去年的前年的新的现在做后面工序就是一年后两年后了。,,4,2023-07-28 23:56:37,🎣,https://www.douyin.com/user/MS4wLjABAAAAYRS0nPJ_ZWjJFQLxK_FEMwCaCu3K9lqDWLdhjZ0b_lw,,,7260725233236689716,7260725233236689716,
7260800164813701900,体质问题吧，有的人从树下过都会,,3,2023-07-28 17:33:13,刷啥刷，替别人养婆娘,https://www.douyin.com/user/MS4wLjABAAAAI2YeND6sEFIFKj_cDPJNHePLjU2atFhsPZz08nmLU3I,bg5005,,7260114669150192442,7260114669150192442,
7278344989431939859,这个纯啊，单独的墨汁没这个保存时间久，古人写的墨，你看留下来几千年字迹还在[抠鼻],,51,2023-09-14 00:16:22,Si＂si💋,https://www.douyin.com/user/MS4wLjABAAAAiVHTaVQ4owcA2QN8yoJYqRmr8vvWkbTrCrysPgIyyDg,,,7278324456355218235,7278324456355218235,
7278961259721147177,墨汁也可以啊，就跟复印纸跟宣纸一样，用途不太一样，有细分的。普通墨汁见水就完了，这个耐水泡，想想竹简上的文字，用机制墨水早就没有一个字了。[憨笑],,8,2023-09-15 16:07:28,早起观微曦,https://www.douyin.com/user/MS4wLjABAAAAPNlPmV32I_-rDYCYfu400Y566a9BVlWN9tM760lU1XI,CAD58,,7278324456355218235,7278324456355218235,
7254951733972534071,因为这是老祖宗传下来的东西[猪头]，多学点知识，长点脑子,,71,2023-07-12 23:18:12,黄了嘛黄了狗🐶,https://www.douyin.com/user/MS4wLjABAAAAPCy5FyGdkvTX3i78sBfNk6jYl84RMwWEJmiXSFm4Evw,48357921585,,7254951251544654646,7254951251544654646,
7258101384951677696,就不爱护怎么了，来抓我呀。[调皮][调皮][调皮],,1,2023-07-21 11:00:35,12345死亡,https://www.douyin.com/user/MS4wLjABAAAARkJwOH0YGoGaQhVsx7RbY0QELlEd6a6FXZhmAU0YZZyrdjeDkXzJABhvD3n-63Zv,48600390325,,7258083748490167074,7258083748490167074,
7258090330220708663,请你爱护食物，什么都不要吃。,,8,2023-07-21 10:17:32,岁寒三友,https://www.douyin.com/user/MS4wLjABAAAA7C9hJ3O7_Q6aeo6TfoHuMDzil3So9os3qduSX6eV4qs,,,7258083748490167074,7258083748490167074,
7256001370254574391,这种墨是最奢华的，应该有更好做的墨,,1,2023-07-15 19:11:19,常乐君,https://www.douyin.com/user/MS4wLjABAAAAL9rI143fWqWX9szhCNNw6qqKw3jBUWA1ywQcrrXse05GnlrFykbtFP7sdtSejPJF,changlejunaha,,7255999308880478988,7255999308880478988,
7254611641291227936,徽墨从来就不是普通人用的起的,,0,2023-07-12 01:18:46,阿King,https://www.douyin.com/user/MS4wLjABAAAAUxycCIjah1KDtbEnGIBWUEJE70vJf4n0r455pIcojys,,,7254611087969436427,7254611087969436427,
7254393305738462008,[泣不成声][泣不成声]哇这个好考验耐力哦，时间太长了,,0,2023-07-11 11:11:11,小鱼吃小猫,https://www.douyin.com/user/MS4wLjABAAAAjsFLcshOKmyecJXr1A3URW9ck3DzkOPwe0A1_lmP794,,,7254391600997860153,7254391600997860153,
7254364974331659064,首先我不是内行，这看着整体制作时间都要两年左右，看着500下不来的样子[泪奔],,0,2023-07-11 09:21:20,Knight_bia,https://www.douyin.com/user/MS4wLjABAAAAjzUE6yFRXcXoAA0kwaY72mrQWOmhpfaLKiMeU9F-K8I,,,7254362658668610307,7254362658668610307,
7254295483555644221,因为他家没有木锤，并且斧头重，来的快,,0,2023-07-11 04:52:16,大忽悠~,https://www.douyin.com/user/MS4wLjABAAAA2r-CQ8nYkXJkoZdGSsAzZFcmxuLQHgTKKGzkLJu5YRs,,,7254292177513120564,7254292177513120564,
7254274616946869044,藕丝步云履   呃  跑偏了   只有藕丝  没有  步云履[捂脸],,0,2023-07-11 03:31:29,野钓大帅￣𓆡𓆜𓆞𓆝?,https://www.douyin.com/user/MS4wLjABAAAA8FcwACFIraYaxy0_8CvFjrophpGRP0CeZTcW0w5QKVY,,,7254270173431481127,7254270173431481127,
7267596124180316986,南开大学就要送你吗 人家耗费这么多时间精力 送你 你也说的出口[捂脸],,89,2023-08-16 01:05:09,紫藤花,https://www.douyin.com/user/MS4wLjABAAAAcGI9_-jeNQjdqoXV-duQom-XliEtQ1D1AMCaZoS-gLI,XL94876,,7267383019798840121,7267383019798840121,
7260898941926933287,人家专门做这个几天就能把一年的视频做完。每天都有新的，去年的前年的新的现在做后面工序就是一年后两年后了。,,4,2023-07-28 23:56:37,🎣,https://www.douyin.com/user/MS4wLjABAAAAYRS0nPJ_ZWjJFQLxK_FEMwCaCu3K9lqDWLdhjZ0b_lw,,,7260725233236689716,7260725233236689716,
7256001370254574391,这种墨是最奢华的，应该有更好做的墨,,1,2023-07-15 19:11:19,常乐君,https://www.douyin.com/user/MS4wLjABAAAAL9rI143fWqWX9szhCNNw6qqKw3jBUWA1ywQcrrXse05GnlrFykbtFP7sdtSejPJF,changlejunaha,,7255999308880478988,7255999308880478988,
7254611641291227936,徽墨从来就不是普通人用的起的,,0,2023-07-12 01:18:46,阿King,https://www.douyin.com/user/MS4wLjABAAAAUxycCIjah1KDtbEnGIBWUEJE70vJf4n0r455pIcojys,,,7254611087969436427,7254611087969436427,
7254393305738462008,[泣不成声][泣不成声]哇这个好考验耐力哦，时间太长了,,0,2023-07-11 11:11:11,小鱼吃小猫,https://www.douyin.com/user/MS4wLjABAAAAjsFLcshOKmyecJXr1A3URW9ck3DzkOPwe0A1_lmP794,,,7254391600997860153,7254391600997860153,
7254364974331659064,首先我不是内行，这看着整体制作时间都要两年左右，看着500下不来的样子[泪奔],,0,2023-07-11 09:21:20,Knight_bia,https://www.douyin.com/user/MS4wLjABAAAAjzUE6yFRXcXoAA0kwaY72mrQWOmhpfaLKiMeU9F-K8I,,,7254362658668610307,7254362658668610307,
7254274616946869044,藕丝步云履   呃  跑偏了   只有藕丝  没有  步云履[捂脸],,0,2023-07-11 03:31:29,野钓大帅￣𓆡𓆜𓆞𓆝?,https://www.douyin.com/user/MS4wLjABAAAA8FcwACFIraYaxy0_8CvFjrophpGRP0CeZTcW0w5QKVY,,,7254270173431481127,7254270173431481127,
